ID,Water Level,Time,DeviceID
0BCCD363-243E-1CE3-6420-9F974DA93A5A,6.7,01/12/18 0:00,1
F5DEB10D-6941-064B-776A-9A8491472512,4.6,01/12/18 1:00,1
A8BA3240-2C97-34A5-8025-A151F63A62B0,4.8,01/12/18 2:00,1
FE2F6F31-1DAB-2BD4-498B-3374F0509EF0,4.1,01/12/18 3:00,1
C46BA95F-91D9-505E-78E9-BB5FFE820B53,5.7,01/12/18 4:00,1
8A523747-5E5E-030B-073E-0D3AA253230A,5.4,01/12/18 5:00,1
41F63714-77F0-1FD8-3AC0-3EF0F4820970,4.1,01/12/18 6:00,1
A3A32073-913C-9ED3-9A8F-F0A70F158074,5.6,01/12/18 7:00,1
EEB5F3D1-3D86-1370-3DE5-843BF09F0267,5.5,01/12/18 8:00,1
F4C64CD0-6EC6-6EA5-78FA-CEDFAEA835E1,4.4,01/12/18 9:00,1
7AFEC589-8178-7489-3785-8F974DD67A55,6.4,01/12/18 10:00,1
322196C2-3449-5FD6-4250-CE4B4901146F,6.3,01/12/18 11:00,1
AFAF438D-9658-92EF-3DD3-F5BCBA698A41,6.4,01/12/18 12:00,1
C2DB59F5-0CDA-1977-4045-640493B50E2E,5.1,01/12/18 13:00,1
C2CF0224-67B1-7961-2DC6-B5615D4BA304,4.4,01/12/18 14:00,1
1DDA5961-5E14-0F28-7E0C-AE25F7F02C08,5.7,01/12/18 15:00,1
6E093146-63C0-4E16-2F35-DB1C153F7546,4.4,01/12/18 16:00,1
0F0E3280-1F10-6083-0D7F-A0F4EB375092,4.4,01/12/18 17:00,1
D3BDAA0F-9AE0-0B89-99C9-8518447157F3,4.8,01/12/18 18:00,1
CA18F2B4-1E92-9852-9570-4DD2E3D87881,4.7,01/12/18 19:00,1
7E2F6D15-2CF9-1C67-87D5-A565EB1497F1,4.7,01/12/18 20:00,1
59C922C4-7978-12CA-0CFF-09DD791C72AE,7.8,01/12/18 21:00,1
B323CD74-409E-6ED8-7913-248F6A3985FC,3.7,01/12/18 22:00,1
11B375A5-5AB1-5AFE-460E-9A9210657599,6.0,01/12/18 23:00,1
D062BC5B-98F9-2544-947A-CE1DCDFE0045,6.3,02/12/18 0:00,1
40BF7E9C-8916-0A56-0584-030E988D7CBB,3.9,02/12/18 1:00,1
BB774F24-007E-04B4-5A8B-2F903E068C62,4.7,02/12/18 2:00,1
4EA850A7-8B8B-7136-517E-97CB65E76092,5.6,02/12/18 3:00,1
54F2E31E-0A4E-4766-0F71-78397EA63C98,4.9,02/12/18 4:00,1
74A88407-0BD7-3610-53D5-7492262E124F,4.9,02/12/18 5:00,1
8BC077BC-13C0-A1A9-9D3F-0C7D00D74BFD,3.8,02/12/18 6:00,1
7C39F833-62A0-A4E3-6D15-A145FF82933A,4.6,02/12/18 7:00,1
4565FC09-660F-9BF3-2718-D0D136FE4AC6,5.0,02/12/18 8:00,1
941E83FB-5B3A-6518-41A6-C6ADA2C95806,6.2,02/12/18 9:00,1
9BF7E66E-9A1A-8AB3-18FF-F5851C291C9D,6.8,02/12/18 10:00,1
F65EDF1A-07C1-0344-6292-6A54BE8C9C64,6.3,02/12/18 11:00,1
DE54F314-8240-A306-2DA6-AF7965713E0C,4.3,02/12/18 12:00,1
EEC509AD-5DAF-7B75-9876-537AE6743787,5.5,02/12/18 13:00,1
62289AC5-9706-9F85-3385-12CE09399B4E,4.4,02/12/18 14:00,1
1B941EFB-1898-525A-35F6-7FE026D1A182,5.4,02/12/18 15:00,1
108AD12D-4A56-9677-4EF3-EBD8517A3F61,5.3,02/12/18 16:00,1
2658C8B5-6D79-53CB-7C84-3A3DB4B16651,5.6,02/12/18 17:00,1
C2CEE112-1A3D-A199-62F3-80E92A702182,5.9,02/12/18 18:00,1
5B02204A-295F-7AD6-A38D-0B8D2B0D8CEB,4.9,02/12/18 19:00,1
7B5AA0DA-41FB-6D88-1649-8440F6BCA6EA,4.6,02/12/18 20:00,1
80B0F349-2BA4-6D0D-1392-4E02615E9853,3.7,02/12/18 21:00,1
36EA319C-2795-83ED-65DA-8A5033143537,5.1,02/12/18 22:00,1
2B56E56F-1FF7-3DC7-086C-BD642057202C,5.0,02/12/18 23:00,1
4F69BD24-64E5-60F0-11D3-0DE7B5479F73,6.2,03/12/18 0:00,1
F31A9BD9-5D6D-9643-1B8D-DC0E515C4E8C,5.2,03/12/18 1:00,1
90A105B2-23D6-7EA1-89DC-37BCB5C07B81,2.2,03/12/18 2:00,1
71DC0F10-49A8-5520-4450-0C2BEC654236,5.4,03/12/18 3:00,1
FD0683DC-841F-570C-A0A3-8CC433CE6AD0,5.4,03/12/18 4:00,1
DDD0855C-9E64-4037-9B35-865C5F4812EA,4.4,03/12/18 5:00,1
45A0F4C4-9C43-6CAF-5EC0-438E3284578B,7.9,03/12/18 6:00,1
2673C7BA-3107-6CE7-2437-464CF4688102,4.3,03/12/18 7:00,1
AAD0567D-2D89-21A3-4FEA-8F9659B36AF2,4.5,03/12/18 8:00,1
3F094108-1CA4-9AF1-55F0-52E833F568C3,5.5,03/12/18 9:00,1
5DDAF950-007A-254A-6C71-5465F1A654BA,5.4,03/12/18 10:00,1
75D2F9EF-2BCC-6A0A-8960-19B005680E15,5.5,03/12/18 11:00,1
6B3D0E89-1967-7F66-7C60-51F80F7FA293,3.7,03/12/18 12:00,1
9898B159-6036-49C3-2D36-C6FA3744A4DA,5.3,03/12/18 13:00,1
98DA4F66-5806-27DB-826D-589C0E858C92,4.8,03/12/18 14:00,1
1AED854F-25F2-537F-96B0-1F5D2E8C3411,4.5,03/12/18 15:00,1
AB5F0880-3FB5-166B-5B5B-72F60E675B6B,3.9,03/12/18 16:00,1
51E7CFA4-6DCC-3888-375A-EE26519D5105,5.2,03/12/18 17:00,1
DE5C05E8-791B-1C36-5FF7-30CFDC7E8E25,5.7,03/12/18 18:00,1
12498842-4AB8-44C7-9A31-FC52D0DB50B3,4.8,03/12/18 19:00,1
4227D4D2-741A-7EE6-8375-FA20F7869BE2,4.3,03/12/18 20:00,1
A1790FCB-1025-2643-6656-8B97DCDD21E5,6.4,03/12/18 21:00,1
BC358C79-3132-6AD5-1CC3-D5F3D0F38553,4.8,03/12/18 22:00,1
AA16DFC1-54F9-47FA-0A4B-5BA7C08F5C4F,4.6,03/12/18 23:00,1
CDF54803-9DB7-082F-0A1F-0AD8ABD5820A,4.8,04/12/18 0:00,1
9E45A5E2-7969-7C9F-8DA9-CADEBF6A8355,3.7,04/12/18 1:00,1
9B0D3553-46B7-9AB3-A2AA-45983BE36728,4.1,04/12/18 2:00,1
0C5AD168-1E0B-489F-26DE-EF2B11C57D33,5.5,04/12/18 3:00,1
5846A061-9EDF-9ED9-9A08-6362FF476996,4.6,04/12/18 4:00,1
264A41BB-717F-4066-0B1A-7C8158BE42D4,5.3,04/12/18 5:00,1
6B0EC19C-3CAA-5D54-85DB-91E9E4428488,4.2,04/12/18 6:00,1
09D3E433-935B-117B-581F-0B034D613D59,5.5,04/12/18 7:00,1
7F743334-740E-47CE-72FD-A510479B7938,3.8,04/12/18 8:00,1
B766AE76-7819-2538-64A8-876BFAAB1AC7,4.1,04/12/18 9:00,1
F902A40C-9726-49B5-325E-76C75D1608A5,5.9,04/12/18 10:00,1
5640CDE0-931E-A410-7A77-DE70FBA3141C,5.1,04/12/18 11:00,1
4BD12FB5-2545-9384-54B3-FEF42E5E8D25,4.4,04/12/18 12:00,1
D391B5CA-3DEE-5D32-1D20-0692E31893CF,4.1,04/12/18 13:00,1
C1F9BBA4-581C-9108-9A25-DB69DEBB0B5B,6.3,04/12/18 14:00,1
427197DB-5F71-A1B0-600A-E54F377B1CF5,4.1,04/12/18 15:00,1
24060C63-1B1D-12BD-4E47-1773E0435524,4.3,04/12/18 16:00,1
DA7840E5-A2E1-A596-9D5B-5D9D6B506410,4.2,04/12/18 17:00,1
02ABD016-3232-185D-3133-C3D404098208,2.7,04/12/18 18:00,1
14CD47AF-4BFD-5336-1BDA-AB2C65E14CA5,4.5,04/12/18 19:00,1
CB74703A-481B-6052-24F4-426DC3DB7E10,3.3,04/12/18 20:00,1
15F59ADD-002E-955A-532C-901DE6C35CB5,6.0,04/12/18 21:00,1
02FC0A4A-3D6A-2D75-436E-20EA9D394814,5.2,04/12/18 22:00,1
F97000C2-90A8-4254-61CD-62F965F84540,2.9,04/12/18 23:00,1
287411F4-952D-0644-05D8-1A0E2F688C69,4.6,05/12/18 0:00,1
7908A762-1FF4-8160-43D9-2F2E102F7259,5.9,05/12/18 1:00,1
2F0A4925-7192-92BE-65E2-C1B2AA3D9E7C,5.2,01/12/18 0:00,2
9C62E3E7-6524-08F5-A299-D0D9E60D4907,5.4,01/12/18 1:00,2
F9DE4946-8681-28C6-4899-A8E6D8D8430E,5.5,01/12/18 2:00,2
62D44450-3B2C-2E3A-8ABA-3C4386570792,5.5,01/12/18 3:00,2
6BD3BE1E-6C4E-5387-5153-DF4D2ED02E55,4.7,01/12/18 4:00,2
790D789D-1F74-788B-183C-63310B412B89,4.5,01/12/18 5:00,2
803D3D6E-255A-7CBD-79E5-41D9D9F18156,2.3,01/12/18 6:00,2
A0940A01-852A-72C1-0314-C55B9C334213,4.2,01/12/18 7:00,2
DB6D1873-1F2E-3335-27D1-AAD36B47A14C,4.3,01/12/18 8:00,2
4697A394-A657-8808-57D8-D3BA8EEB72A2,5.6,01/12/18 9:00,2
FF463BB5-691F-0AD5-8892-C0A27A153B64,3.9,01/12/18 10:00,2
AA84C686-598B-7FB0-0C8E-2DBA23BC8322,5.1,01/12/18 11:00,2
ACC8371C-6C9B-4449-2F75-BAFA09B412CB,3.9,01/12/18 12:00,2
638F95E6-6AC7-346E-36B9-3F8EF2445FE0,6.3,01/12/18 13:00,2
B6970C4B-9583-6A70-1D22-20A32A812939,6.3,01/12/18 14:00,2
F6D06B25-1A77-70C4-31FA-9E365AAE64B1,6.4,01/12/18 15:00,2
01BB1B8E-6F68-2DA0-450B-1AC7ACE0012C,4.7,01/12/18 16:00,2
362E1828-3F7F-2DFF-41CD-6330A3B28D0B,5.0,01/12/18 17:00,2
D48BF911-92BE-7694-5F46-CE9BF91E36C9,2.9,01/12/18 18:00,2
930C6E48-595C-7D29-6DB0-4EB4416D2FD5,3.4,01/12/18 19:00,2
18DF693A-6DC8-82B4-9688-040D22DB8EEA,5.2,01/12/18 20:00,2
D832BFBA-9FCF-5065-0B10-F3E70094710A,5.9,01/12/18 21:00,2
43D916A4-658C-1267-2FA5-719C6FB53FAA,3.0,01/12/18 22:00,2
AD8081F2-2615-0120-688A-ED13567735AC,5.3,01/12/18 23:00,2
C6803608-5BE6-73A4-A238-C7D733795B00,4.4,02/12/18 0:00,2
4E9CC5E6-76F8-0D2A-7301-8F2312C955BE,5.4,02/12/18 1:00,2
DE55FD25-0DC7-0E17-5DB2-CF4E06811A32,5.4,02/12/18 2:00,2
5C3A4854-3EDC-316C-61A7-081756547700,5.2,02/12/18 3:00,2
F6DBE503-47BE-74C5-07C3-E23C19586F96,6.4,02/12/18 4:00,2
97ED77CE-A4D3-4122-4D48-D67DD72A4274,5.7,02/12/18 5:00,2
88B64E2E-838B-0278-6095-894C99BA6B1C,4.7,02/12/18 6:00,2
6F8469DF-2E30-0978-5694-C422C3F51004,5.0,02/12/18 7:00,2
16895665-5152-A6D4-05E3-66B853813BC0,3.8,02/12/18 8:00,2
0E607E77-6FED-5336-1EBF-BB7AE40A3F1D,3.3,02/12/18 9:00,2
224E5E87-7DF1-5FB0-5495-9970580C331D,5.2,02/12/18 10:00,2
5168F828-4B27-459D-77C8-23869D698728,4.4,02/12/18 11:00,2
E2F4AAA6-0CA9-90C4-9750-C71AD31F0F66,5.6,02/12/18 12:00,2
608A05DC-34F7-A5DE-198B-79AFEB7E539D,6.5,02/12/18 13:00,2
D6EE87F6-9147-06B8-7F34-9EA4D9CD0589,5.5,02/12/18 14:00,2
FCDFF5AD-2DE7-345B-51B6-7A17AF85026F,6.3,02/12/18 15:00,2
D122C86E-50BF-37AB-48C5-E4AC9BC160CA,4.6,02/12/18 16:00,2
505F4FCC-28BC-84E1-937A-28B1229C026B,5.5,02/12/18 17:00,2
7E9D0155-61CF-36CE-487B-833D75EA74F4,3.3,02/12/18 18:00,2
2553EFB4-7910-A1BF-718D-C15C830D316E,5.4,02/12/18 19:00,2
553C5543-3734-6BF3-14BE-3F9584B173D1,6.5,02/12/18 20:00,2
363E9568-A303-16FD-749B-BA9850D95ABE,5.7,02/12/18 21:00,2
45FA3A3C-6ED5-3F3B-9247-026D98D8906B,5.9,02/12/18 22:00,2
C815B63F-526B-8706-9D50-1F8F2C662320,4.8,02/12/18 23:00,2
EE8116C5-0EC6-9DC6-2ED3-FD9C3798248D,4.7,03/12/18 0:00,2
76E01F89-6C7B-1B30-8D89-96D25E489EAB,4.9,03/12/18 1:00,2
799DEF6B-9A76-327F-1911-47D8322A4811,6.2,03/12/18 2:00,2
6CF14D7A-A018-4DB6-4999-D4E0D7D70DF6,3.8,03/12/18 3:00,2
079E15A0-3E9A-0CCC-1D51-A31BF4CC074C,5.8,03/12/18 4:00,2
769C35A9-55E7-77AF-35D7-B6784D6C2E00,4.8,03/12/18 5:00,2
B68F009D-374A-21FE-8C8C-3DC3B5F140F5,5.3,03/12/18 6:00,2
B2460007-A03F-3402-95F8-B50EA7B41171,5.2,03/12/18 7:00,2
224B3E6C-94CC-6419-1245-185EA1D94E82,5.2,03/12/18 8:00,2
B76ECB94-1C4F-5FBE-2F1E-8147B9E3563C,5.0,03/12/18 9:00,2
E79822B9-064C-86CE-58A2-6FBC155D307C,5.4,03/12/18 10:00,2
C96607A4-5D32-04F2-3742-6316783E7815,6.0,03/12/18 11:00,2
904FBCFB-5B98-3C34-0B7D-74A6C86A26D6,5.7,03/12/18 12:00,2
15F7C28F-02D4-9C70-1055-E97F3A459445,6.2,03/12/18 13:00,2
F19D4B46-71B5-898D-248B-B1C172036603,5.1,03/12/18 14:00,2
FCE82815-5130-15C6-75DA-3F1398584B5C,6.6,03/12/18 15:00,2
7BC99965-7E0A-5A34-2F19-8B0981DD6577,4.3,03/12/18 16:00,2
186FE71C-70B9-19A3-A220-42D39C302D32,5.1,03/12/18 17:00,2
D6030561-1F15-02D7-5C73-BF6047311A0C,4.7,03/12/18 18:00,2
F644C7F6-4937-6236-87C7-624D81CD16EB,4.8,03/12/18 19:00,2
E491234D-16F1-745E-1E53-2A0AF0C53C50,5.1,03/12/18 20:00,2
0CCA5B0F-8FE1-90C8-7FAA-005781C999E9,5.5,03/12/18 21:00,2
D592CF65-8CB3-2598-13C5-FF23CE7F0929,4.4,03/12/18 22:00,2
3D0CA70F-1A10-776C-59AB-B7548A6785FE,5.5,03/12/18 23:00,2
491F0BA5-75FD-1C11-1113-A95B4FD7A5C0,3.7,04/12/18 0:00,2
1AC8BCA0-67B7-9517-2A49-43A5D9D45E40,5.0,04/12/18 1:00,2
A2D410BB-5CBB-9D33-6CAA-D519B1167983,5.9,04/12/18 2:00,2
AEEB575E-114F-81ED-2B7C-1D25E1FE8DDE,4.5,04/12/18 3:00,2
828D2864-986A-54E1-5E49-EB51A2489A50,3.7,04/12/18 4:00,2
10BEE292-4981-3488-4B32-1E83CCD11C0A,5.0,04/12/18 5:00,2
156A23CF-4096-7317-28F5-6E6BB2DE0038,3.8,04/12/18 6:00,2
705B2084-4DAE-963D-2177-889CAF590FB0,5.5,04/12/18 7:00,2
0B3A579C-5705-9440-7C30-7F56BE7F2C9B,5.2,04/12/18 8:00,2
CC85C4BA-7D4F-775C-6B50-A6FC09189A63,6.1,04/12/18 9:00,2
8FD288AD-01AC-2806-147B-04350F5780CD,5.3,04/12/18 10:00,2
7A1952D2-A1EF-09C5-A71E-BD64AAAD023F,7.4,04/12/18 11:00,2
6C55D8A7-8829-34E8-4819-CE1954518350,4.6,04/12/18 12:00,2
07CC09AB-6C13-3FE1-6CDC-7A842C030AA7,5.8,04/12/18 13:00,2
DEC8FBCE-0148-9F6E-A0DC-13EF3FBE0163,5.2,04/12/18 14:00,2
531B74DB-5AA1-713E-860B-D26B686469CC,7.6,04/12/18 15:00,2
5CF4B5CE-86DE-7613-4A6C-DB66F35719D1,3.8,04/12/18 16:00,2
F50718FA-9C04-2A3C-956A-E714BC346712,5.4,04/12/18 17:00,2
073C0EC0-06BB-3192-8846-5536A4D219DD,3.6,04/12/18 18:00,2
AF95C2B6-221B-22F4-190D-F1A122A865AE,4.4,04/12/18 19:00,2
091A1597-16D3-68B9-5869-EAABB8C529C5,5.1,04/12/18 20:00,2
B992BD63-6BB6-59E1-6A4F-795815249B94,6.9,04/12/18 21:00,2
9E5A9987-6BAD-5F6F-534B-29B820158C63,6.6,04/12/18 22:00,2
92D223CC-A507-53A3-6720-F8F8167C38D5,4.7,04/12/18 23:00,2
07A10426-6FE4-9948-4332-0FE9B5B64E3F,4.0,05/12/18 0:00,2
FA642846-31F3-A1C9-84D9-F2AF47251D99,4.0,05/12/18 1:00,2
F458B36C-8DDF-9833-0F37-F8088ABC3413,3.8,05/12/18 2:00,2
C9338D54-9805-46E2-177E-33FBA1092E1F,5.0,05/12/18 3:00,2
A13A1775-5AD1-76C5-8646-91D20185430F,3.8,01/12/18 0:00,3
A466047E-A51B-5A59-9F27-AC8641BC95A9,6.2,01/12/18 1:00,3
2681E692-1FEF-7282-7D46-434DF9EC334B,5.4,01/12/18 2:00,3
23D64A5B-A077-4854-85B5-ACE162A651FB,4.7,01/12/18 3:00,3
DDEF780E-43BC-88C8-7E8E-B3C3DF2B90EA,4.9,01/12/18 4:00,3
99F7EC74-032F-037F-1807-535726CF1258,3.8,01/12/18 5:00,3
4B49FE23-9705-A4AE-2E70-F8623AA68E6E,7.1,01/12/18 6:00,3
7C64F4C0-5D86-24B8-941A-50A34DBC3051,4.7,01/12/18 7:00,3
9513E748-39BF-43E8-13E7-30BCBE2B1CC3,4.4,01/12/18 8:00,3
C5D6FC78-0133-3F7A-6D1A-D6ED2F6B5C21,6.2,01/12/18 9:00,3
AB7F5361-3550-27C8-8578-79A2133A63C7,4.1,01/12/18 10:00,3
1F7CDD5F-4B3D-704D-2541-528181A81880,4.1,01/12/18 11:00,3
0BA2966C-97F4-5866-986B-7EACACE5A030,5.9,01/12/18 12:00,3
D29A6EEA-68E7-2427-7688-AEC47A017A26,5.6,01/12/18 13:00,3
596097A8-6EDC-287E-6BF8-7146C1FF0D6F,6.2,01/12/18 14:00,3
AB6FF6AF-6631-0560-5C34-DDD067D77250,4.9,01/12/18 15:00,3
2DF5585F-891D-516F-9F5C-F7DEEB271679,3.9,01/12/18 16:00,3
54674906-6814-6D2F-815F-6D5B0B8359D5,4.8,01/12/18 17:00,3
4D5D042B-9BB6-A202-929D-215D67489FC0,4.3,01/12/18 18:00,3
D848FCC4-647B-0335-3EFC-F9EF216043AB,6.6,01/12/18 19:00,3
E74D5A61-0E3C-2BBC-5F7E-88CFB741211D,4.7,01/12/18 20:00,3
B02D1DC3-61E6-8B69-6F21-C3ED3AAD065C,5.7,01/12/18 21:00,3
873D45AC-49E0-200D-7F2C-ADC2A2104375,6.5,01/12/18 22:00,3
D9CBE55C-43E7-6A80-9292-7B6417D2A715,6.6,01/12/18 23:00,3
881ADC46-2F6B-7BBF-57BA-50BCB2D9A736,6.2,02/12/18 0:00,3
1F719287-8B41-7DB1-32D7-184FC6849B07,2.9,02/12/18 1:00,3
27372AED-9594-84A3-7CD4-7BBE1F627DD7,5.4,02/12/18 2:00,3
6F18D682-922B-6B3E-1AA4-BEC4ED9320AB,5.2,02/12/18 3:00,3
2FEB15DE-1885-1DEB-1BD4-0C3AE8AE042C,4.9,02/12/18 4:00,3
ABE7D526-4109-23EF-42CE-250CB49DA664,5.8,02/12/18 5:00,3
262D07FB-5DB2-0821-4FAD-5D13124787FC,6.2,02/12/18 6:00,3
0C50EF52-A0F4-8870-99F9-1FCFD34B6D05,4.8,02/12/18 7:00,3
DD977F57-6641-59AA-1994-9E6798D64C59,5.5,02/12/18 8:00,3
7424B901-92D2-37A8-395A-3DD53F5344D5,5.7,02/12/18 9:00,3
2E607DD4-4CE8-15CF-856A-D57F4DE9805D,5.3,02/12/18 10:00,3
E1E78E04-104B-883D-1754-F67E93BB8C1A,4.4,02/12/18 11:00,3
13B15817-920F-7BB9-64A3-B2672D00056A,4.3,02/12/18 12:00,3
CE2F9489-9DF4-2D37-2E99-D3C086CA0AC4,4.6,02/12/18 13:00,3
3581F09E-38CA-0911-0A9B-D377CAA11CF4,4.8,02/12/18 14:00,3
0EC1C550-0456-9B8A-81AB-83EE28409B0D,4.9,02/12/18 15:00,3
14D93C05-5C78-68EF-0693-7F4E31960352,3.5,02/12/18 16:00,3
A90D26E3-7314-596C-9F9A-D2C25239966F,4.1,02/12/18 17:00,3
012C98FE-9F20-1FBD-77C5-51B981DA62E4,5.5,02/12/18 18:00,3
ECE9F5E2-0A7F-4E02-7EF8-497D9CFC49E4,4.4,02/12/18 19:00,3
CCFA834F-A2D7-0261-4B06-095E613E5B94,3.3,02/12/18 20:00,3
720E958D-3D96-13F1-6405-70D4CC746C44,6.2,02/12/18 21:00,3
C0822E59-936A-1A83-9BB4-0B6B62587354,5.6,02/12/18 22:00,3
F8FE04C8-33E9-1AC3-6A18-55D81E537730,4.9,02/12/18 23:00,3
0DE68B63-6EBE-29C7-1DEA-3B072A3D3958,4.7,03/12/18 0:00,3
39A82D5A-4C01-85A4-43D1-B77AB7FA943C,4.9,03/12/18 1:00,3
A2D30DE2-60CA-3B64-911D-F79EEDB82674,3.7,03/12/18 2:00,3
99974B5E-A15A-873F-873B-F0157DD66443,5.4,03/12/18 3:00,3
A61783E4-3EC3-9D5C-7F0C-F0D801003938,5.8,03/12/18 4:00,3
70A822AA-55E3-595A-4C40-0C8652CB72BD,5.4,03/12/18 5:00,3
3B510BB5-226B-47BB-09AB-6A5B76FF0BC2,4.1,03/12/18 6:00,3
72BD4442-4182-557D-6F61-A7AC23CC680E,5.9,03/12/18 7:00,3
4BC4F022-A727-792B-A088-B107FAD48310,4.5,03/12/18 8:00,3
40BDDE79-584D-9CC5-97BA-684170B997CC,5.5,03/12/18 9:00,3
B9C742D3-8467-8221-907D-215D2AC73058,4.8,03/12/18 10:00,3
94659EC5-8AEE-8DDE-4BE7-0972245B2242,4.7,03/12/18 11:00,3
9A66F875-5ADA-5ED0-1EE7-9D9C87EE4120,6.1,03/12/18 12:00,3
A056F7CD-931A-3C6E-80A8-4B9AA30558D9,4.0,03/12/18 13:00,3
A9186A93-6BE2-0B15-9908-E21256FD575B,5.4,03/12/18 14:00,3
D7EB8C15-3BD2-2DA7-4473-B59ECE305AB0,4.0,03/12/18 15:00,3
B694D539-2E67-8CE0-83F8-F7F01FCB4AC8,5.6,03/12/18 16:00,3
DB8B32FB-2E75-34C7-397E-D2A4160E0841,3.8,03/12/18 17:00,3
152CDC3B-077A-5473-4751-BD59A5C46A79,3.1,03/12/18 18:00,3
22C9D171-6AD0-6154-9E46-188005D368A1,5.1,03/12/18 19:00,3
0FE4F12B-741F-6EAE-5394-65A46C522205,7.4,03/12/18 20:00,3
45B9CEC3-81C5-95A4-6103-9FCB72363EA1,5.6,03/12/18 21:00,3
5F256D0D-2C8A-08EC-1FF3-3C2489CC8932,5.2,03/12/18 22:00,3
B6E4AA80-1B33-83A0-60CA-1AEC00934ADC,5.3,03/12/18 23:00,3
3ABD04FE-4A72-3052-A5A3-7A8C3B8C4321,5.6,04/12/18 0:00,3
2459D8E4-694B-1739-08C4-AD842BF96062,6.0,04/12/18 1:00,3
13D1F7D7-0752-8852-8144-FC1B0782964A,5.9,04/12/18 2:00,3
97EED848-1D4D-1D17-2EAA-D8CFE069908B,5.3,04/12/18 3:00,3
B666282F-307B-229F-74CE-B5FCAA6C7758,4.9,04/12/18 4:00,3
CEAB1C98-137A-630E-833A-8C497DDC65F2,5.6,04/12/18 5:00,3
F5D1C101-99AE-7B95-2CA6-5D82E6917736,5.2,04/12/18 6:00,3
70DDFAB3-72AB-7C32-4657-008492375904,6.7,04/12/18 7:00,3
57CFF1D3-4793-0B9E-64CF-02D41B5D1633,4.9,04/12/18 8:00,3
69CB5CB6-1B35-91FE-293A-2F74B17011A5,5.7,04/12/18 9:00,3
1B448F9B-01E3-79DB-678F-BB6AFC179128,6.3,04/12/18 10:00,3
EACA7511-30B0-1197-3BA1-30FD78D961AB,4.1,04/12/18 11:00,3
8F6B8025-27F3-44AC-08DB-3DCF8856159D,5.5,04/12/18 12:00,3
7B6F0784-7200-3DD0-262F-5A8DE0725D14,5.9,04/12/18 13:00,3
B965CE62-66FF-1206-3A18-FD1DCED75E11,6.8,04/12/18 14:00,3
75BA50D0-325F-0064-6DCB-BB9F0CD22C90,4.4,04/12/18 15:00,3
38E6A88A-579E-2166-5E7E-DBA6079F710A,3.8,04/12/18 16:00,3
7D884490-262F-8C7B-8CC0-E27F520B1BBC,4.7,04/12/18 17:00,3
35878400-3C22-7EE7-055E-C96C7CE35E6B,5.6,04/12/18 18:00,3
723EB28B-581A-7F66-5A77-CC9A3BC996F0,5.5,04/12/18 19:00,3
994238F6-A3E9-9C28-7C5F-848701C47F4C,3.7,04/12/18 20:00,3
9BAB4239-8780-31FC-63C9-247A4DE45095,3.9,04/12/18 21:00,3
DEC02013-4B37-8D62-5596-F8F3228D0E81,6.7,04/12/18 22:00,3
3DA8852D-7057-6B3F-61FD-526658CA438C,5.3,04/12/18 23:00,3
CCA013F4-56D4-66E1-5B5B-0A589D512111,5.4,05/12/18 0:00,3
08FF0DF9-3ED2-8995-8CDF-E7FBC20A9D13,5.9,05/12/18 1:00,3
6B5B9DCC-0BFC-2A05-7676-1A992F924CB4,5.1,05/12/18 2:00,3
56D5CE64-1316-99E2-592D-658C10919663,6.1,05/12/18 3:00,3
FA9BC70B-3587-2B27-1394-785023AC04D7,5.0,01/12/18 0:00,4
CAA3EBF3-A241-14D0-46EB-F176E5B437CA,3.8,01/12/18 1:00,4
42E7EBEA-2A83-1CE3-625B-B260AC3E0D95,3.9,01/12/18 2:00,4
662C7E89-3110-0093-3CCE-30BB0EDA92AE,3.5,01/12/18 3:00,4
3AAFC49E-7ED3-6120-0383-0FCA189198CB,5.2,01/12/18 4:00,4
7D7E2178-5A46-5FBF-A73D-350B584C02AB,6.7,01/12/18 5:00,4
2675F2CA-5E6C-A399-68ED-C66F4BC57121,3.4,01/12/18 6:00,4
E493D8C0-5314-0112-6586-A2B12FF152F6,5.9,01/12/18 7:00,4
930B6FAA-467F-9F2E-5BB9-9209B0884090,4.4,01/12/18 8:00,4
D066A077-596B-0DC3-025C-0B13F6A06691,5.1,01/12/18 9:00,4
48227B82-1396-A7B4-81DB-9754298531F0,5.4,01/12/18 10:00,4
EDECF0C3-4923-92E2-4720-3BC5ECE066CD,6.7,01/12/18 11:00,4
2132BB13-2187-7C3E-5EF2-B8C7703075A7,4.7,01/12/18 12:00,4
CBB5BA96-633C-0D38-0032-872E1CF36618,6.3,01/12/18 13:00,4
D92391DD-5F5F-0061-45A8-7BFEB2F20AE0,5.5,01/12/18 14:00,4
4E811C52-4149-3465-A227-ABC56F3554C5,4.2,01/12/18 15:00,4
EF51679B-779D-706F-35E2-C2C8D5043431,3.8,01/12/18 16:00,4
B6841794-3D37-605A-9C73-E1086D7F16F5,2.2,01/12/18 17:00,4
FA1F04CA-70E9-2425-37C1-110B80F55104,6.0,01/12/18 18:00,4
37447322-4BC5-3EC2-5CE3-6E6E28689442,4.5,01/12/18 19:00,4
D3626786-0FD8-3B83-6B5F-F88DF2C03AC5,4.4,01/12/18 20:00,4
7A1D352E-3A2F-7897-15C8-8027B4078847,5.6,01/12/18 21:00,4
6B0A184D-8000-83B9-4764-950688B7913B,3.9,01/12/18 22:00,4
813013AB-01B8-0B98-2438-5F711E1B239F,4.7,01/12/18 23:00,4
D3EC39B6-3272-60FA-0454-BCE43AE46302,6.1,02/12/18 0:00,4
F7344A58-1D01-5618-6D19-176A6672A1FC,3.7,02/12/18 1:00,4
09753966-19BE-86CD-7A11-C71D19CF986E,5.1,02/12/18 2:00,4
DDE7D8D1-5953-4F55-765D-0BB0E52B7862,5.3,02/12/18 3:00,4
B227FE15-0A6E-8190-1EAC-61275884895C,2.3,02/12/18 4:00,4
B0E5EF9C-7690-0872-27CF-21D389B08B59,5.8,02/12/18 5:00,4
45BBB709-78CC-7CF4-8E0E-6D25C0026B8E,5.5,02/12/18 6:00,4
EBE98741-3464-6B8E-61C2-146CBAF59BDE,4.0,02/12/18 7:00,4
D776C64D-8046-3787-659B-2D28D50E68C3,5.2,02/12/18 8:00,4
06869CB1-352A-6F1B-6C50-9847610657CC,4.5,02/12/18 9:00,4
860EB6CB-34A4-81ED-A457-18E770199FB1,3.3,02/12/18 10:00,4
0258EB57-7AE2-21C9-0345-730E08A6083A,4.5,02/12/18 11:00,4
C7C862B3-8FBE-08C7-0260-5CAE773E14AF,5.0,02/12/18 12:00,4
CF70C016-4B08-56ED-245F-BDE0BC68507A,6.1,02/12/18 13:00,4
E7EDFF7C-6CDF-1110-8600-4026A0055072,2.8,02/12/18 14:00,4
E243B757-A506-6B79-8FE8-D8BE4CE172E2,3.3,02/12/18 15:00,4
85667698-47A6-7B69-142E-545255662327,5.1,02/12/18 16:00,4
285AA3F9-734E-1CA5-21BD-770AB43D1B2B,4.1,02/12/18 17:00,4
4F78BD37-0C29-9552-1ED1-1F8DD99833C1,4.9,02/12/18 18:00,4
02EAC6CB-5D23-6770-4BEC-50BD3B4C8E97,4.9,02/12/18 19:00,4
8E8A4B41-511D-8B74-72B3-35641DCC0958,5.3,02/12/18 20:00,4
EF17141B-8A6C-4FC0-3EEF-E063317C53E7,5.5,02/12/18 21:00,4
2755FB72-7D16-4569-3DD5-36AA32EE5872,5.9,02/12/18 22:00,4
0C6B2889-A706-304E-57DA-5A8D87176CFA,3.1,02/12/18 23:00,4
9D594B76-8EF3-278F-6A4D-BB7B5C2265E8,6.6,03/12/18 0:00,4
804F3FEB-A27B-217F-1F3A-22CC9A1EA4B6,5.8,03/12/18 1:00,4
C91F8F4F-7E6F-331F-8CF9-230DC2BA3F17,5.3,03/12/18 2:00,4
D51CE92E-1EF8-3FA9-7FB7-2E92CD42314F,6.1,03/12/18 3:00,4
49F1856D-512E-4835-888E-4F5A72A13BE6,8.0,03/12/18 4:00,4
232E5636-4F20-429F-5C5F-0BF478684EE6,5.6,03/12/18 5:00,4
8D3E60BA-1B1E-77F1-5B79-DDA7094F6EF4,5.3,03/12/18 6:00,4
60837667-4ABF-9E2F-5C76-11524F3C0993,5.5,03/12/18 7:00,4
50AE02E2-3A99-0381-842E-2F2851453D99,4.9,03/12/18 8:00,4
3A392F85-4522-8585-89EE-D57C465E2F34,6.4,03/12/18 9:00,4
AC49C8AE-76FB-6E8A-A3EB-0AFF1EFDA440,5.2,03/12/18 10:00,4
1C14EF91-285F-2038-7E1A-E10412B69777,4.8,03/12/18 11:00,4
57401ABE-7BC9-6B4B-1FC9-38B82A6737D5,5.2,03/12/18 12:00,4
5FF9D01B-72BE-53F7-1314-BE176D262E80,3.7,03/12/18 13:00,4
6AC07DD9-34C0-075C-41F5-D0EF90ED7C1A,4.3,03/12/18 14:00,4
67101755-85B7-5CAA-80A4-262F64540425,5.9,03/12/18 15:00,4
ABF05C44-6097-3128-4C3D-DF9904FB7635,4.3,03/12/18 16:00,4
2DD51C38-62FC-2BED-7DA4-58FF26345EB0,4.7,03/12/18 17:00,4
D5653C85-1A73-62FC-6CFE-90B4DE9F703B,5.4,03/12/18 18:00,4
803248D1-0E59-6DE9-79E8-F3E788A8A555,4.5,03/12/18 19:00,4
3EE5AA02-2C3C-1FE2-29D2-C9538FC73A08,3.3,03/12/18 20:00,4
242EE469-07ED-8530-9F62-1C86877A6D78,6.0,03/12/18 21:00,4
100A900C-1848-9D60-9FAA-A6D0257E392A,5.5,03/12/18 22:00,4
B649E2B5-A496-3E4E-8CAF-A64832346BF1,5.4,03/12/18 23:00,4
480E6A7D-101E-3006-9617-DC1D79842489,4.8,04/12/18 0:00,4
D653CDBA-5F27-7A80-4ABA-AF68C782322A,5.5,04/12/18 1:00,4
DE2A6B6A-065F-00D1-7697-6812E76B84D8,5.4,04/12/18 2:00,4
B79DF574-5700-6D8D-3A3D-B365E6307313,5.8,04/12/18 3:00,4
3E520D83-88A8-2C72-4E22-FE8539DF94DD,5.7,04/12/18 4:00,4
F30344CA-0B3F-19DC-72AE-FDD389305292,5.1,04/12/18 5:00,4
2E593284-6164-4CF6-7199-AE81FFC95F6A,4.6,04/12/18 6:00,4
3980736B-46AE-549E-8042-AFA210B94B33,4.9,04/12/18 7:00,4
3C5BF939-3AF4-6B6B-26C6-AA9303492830,3.3,04/12/18 8:00,4
9C010EB8-A452-6D03-14BA-B282EEE34A8C,4.9,04/12/18 9:00,4
8F252020-31E4-6CE7-270F-0033901E28BB,3.8,04/12/18 10:00,4
CBAF8E35-5DE6-885A-4487-3E17E34B9255,4.2,04/12/18 11:00,4
3EE6E948-465C-3359-10E7-4255BD423DD8,5.6,04/12/18 12:00,4
35E4AD74-3D26-A188-452E-7BF3388A35E0,3.2,04/12/18 13:00,4
97488617-A429-1801-1D10-5E1CA927865D,4.9,04/12/18 14:00,4
1298A628-2309-9E7A-6C18-22E6D3B9859F,6.5,04/12/18 15:00,4
D6E4F8F5-2330-62C8-A555-2B4BE3E08739,4.6,04/12/18 16:00,4
FAD02005-438C-0230-4AC7-0C6AC75012EA,3.8,04/12/18 17:00,4
659CE575-19C6-5EE9-9448-3830B5EE7C92,5.8,04/12/18 18:00,4
0818F2BC-3E29-8E54-50FF-4EBDA76275DD,5.7,04/12/18 19:00,4
0592DC25-8D29-12A4-664C-016B209C1916,6.2,04/12/18 20:00,4
D88DEA56-293A-9340-64B5-D5D7518E40F2,4.3,04/12/18 21:00,4
F7579683-80D7-9581-47B2-1AE55F6F0900,4.0,04/12/18 22:00,4
7FC4F733-8570-5387-6341-1E5FC0DF6793,3.8,04/12/18 23:00,4
5DC7E72A-5057-9A0E-3BE0-6ED4BFAF6121,6.0,05/12/18 0:00,4
D0723863-7725-8176-16F7-BB49A6C35C91,3.9,05/12/18 1:00,4
E15DC881-5118-7E6E-8094-2E752E084CE1,5.0,05/12/18 2:00,4
4C49EC9C-0D16-868E-22B9-B1B9BC776857,3.9,05/12/18 3:00,4
D123A402-257E-2566-312D-665AA3DE8BDE,4.6,01/12/18 0:00,5
D0B668D0-9815-8437-6CEF-1331F41E875F,6.6,01/12/18 1:00,5
03AB0219-0042-9869-04B8-D2C6D8057B52,5.0,01/12/18 2:00,5
765A8A5E-4DD1-1191-6E5A-AD0A29ACA6B6,7.5,01/12/18 3:00,5
FD4214CB-0D2E-8306-81F3-87BCC61B3BD8,4.5,01/12/18 4:00,5
7DAC1780-9027-90B6-9C96-0D47E41D2CFD,3.4,01/12/18 5:00,5
F474B350-056D-4CC1-7739-57B6F312108C,5.8,01/12/18 6:00,5
A4B20994-3992-0D5E-9FC3-F380EAAF009A,6.6,01/12/18 7:00,5
EE3DF74B-5637-29A1-005C-8225630A5119,3.7,01/12/18 8:00,5
94BDCDB3-33CF-68B7-7768-A88C153B3990,5.5,01/12/18 9:00,5
5659F4C3-0884-1E2F-37BA-0469186B8470,4.3,01/12/18 10:00,5
0EC0E500-9315-33ED-4E5C-16AFB7A659DF,4.0,01/12/18 11:00,5
5D0ADD86-709F-A645-0A4B-73EF75D28D86,3.9,01/12/18 12:00,5
5D34ACCD-9384-6E46-65FF-F55E648E6ED5,3.9,01/12/18 13:00,5
17DF2617-5285-7B4E-6560-60FF7000458F,4.9,01/12/18 14:00,5
5680A605-5AEF-388D-15E7-C1560875A6D5,5.0,01/12/18 15:00,5
5594B2A4-1991-69AA-93D3-C845B1CF38A7,5.5,01/12/18 16:00,5
6DEDC74D-4DA4-73BF-715E-E3D4B9426E50,5.6,01/12/18 17:00,5
06F9A28C-28BE-40E8-6210-3E903B9F6C70,4.8,01/12/18 18:00,5
1241C0B9-2782-0EDF-28BF-5B1F627519ED,5.5,01/12/18 19:00,5
6A756D70-3A89-23AB-4551-0918FF5E4CC5,5.4,01/12/18 20:00,5
E8D8DFBA-756A-1288-8E74-A8FD50A60A99,5.6,01/12/18 21:00,5
94A287F4-50BC-3716-1D60-23F430AF1440,4.9,01/12/18 22:00,5
85584507-7D60-8ADF-A210-7FA2B570A67F,5.6,01/12/18 23:00,5
8753AFB0-2788-0528-15B6-EDC11EC938DD,4.5,02/12/18 0:00,5
5C438500-1690-2818-346E-799F0CF22FDD,5.7,02/12/18 1:00,5
9A0AF46F-0523-498A-84F6-437E72E001DC,3.8,02/12/18 2:00,5
34384323-3A7C-10F6-6CDA-2D675D7D3EA4,4.8,02/12/18 3:00,5
86E243D0-4507-2C86-5DFD-C39C733A089D,5.1,02/12/18 4:00,5
A6A4D239-3257-A47F-350C-0D80B7719F1F,4.9,02/12/18 5:00,5
C9939323-9E4D-85AD-0AF9-49F0910760F4,4.8,02/12/18 6:00,5
799A3B20-0DA6-0E47-27B4-39988321A352,3.6,02/12/18 7:00,5
077B4DB7-5B7C-8A96-71C2-35841ABD086E,4.1,02/12/18 8:00,5
B867BE3A-1202-7CBA-3953-68A56D739073,5.3,02/12/18 9:00,5
8A33F661-8AD8-2EE9-903A-1F5D8E9160E8,5.3,02/12/18 10:00,5
B4058B4F-A080-0689-092B-B1E18FE71580,4.4,02/12/18 11:00,5
EA806055-79FC-5F00-2E97-20A8E7FF23A8,2.4,02/12/18 12:00,5
6246C3E2-A75B-9D78-40B9-9FDDFD088092,5.6,02/12/18 13:00,5
B101DCC0-4734-6DC4-80BF-25D8EB5569E4,3.4,02/12/18 14:00,5
D0C72B48-0267-87F1-77D8-C13ED867A50B,3.2,02/12/18 15:00,5
4C346163-0811-4CB4-0B36-7719C3CE939D,6.4,02/12/18 16:00,5
52CB08F2-29F0-3391-2EA7-D69F29862E86,4.1,02/12/18 17:00,5
0F48F3FF-0940-518B-19BB-97B074151326,4.3,02/12/18 18:00,5
DA4EAA9D-308B-456A-7B1A-48B8BDE63A5F,8.0,02/12/18 19:00,5
248FDA7D-1718-536F-18D4-45702016408F,5.3,02/12/18 20:00,5
FCD579C7-8369-392B-9633-6B4FDBD34BE1,4.2,02/12/18 21:00,5
8953DD3D-83D3-40DE-8E81-7ADC0713A507,2.6,02/12/18 22:00,5
5EA2B1FE-27F0-3622-0C26-096FDBD49C57,3.8,02/12/18 23:00,5
6DE5B505-66EE-1863-3E3F-0A55A27862B7,2.2,03/12/18 0:00,5
C1277F00-5B66-0C2D-A316-4EE6D6A03067,3.8,03/12/18 1:00,5
145FAEC8-162C-94CB-293F-A4A400C33904,5.0,03/12/18 2:00,5
9B66A09B-3CF2-0D95-A286-D53E00A971F8,2.5,03/12/18 3:00,5
7ED0E65E-4832-9366-22D8-F39ADF86631E,5.5,03/12/18 4:00,5
CEAAF39B-2BEB-4229-9404-BE5C74F18920,4.2,03/12/18 5:00,5
E02F74DC-039D-1618-4EDC-181FBF628EBD,6.6,03/12/18 6:00,5
C5FA450E-5739-52D3-82A7-4625B49A9F63,5.4,03/12/18 7:00,5
71DAE82A-9ECB-4685-3175-0A3BDDF10936,4.8,03/12/18 8:00,5
E21318CD-080F-8893-332D-0E45A54D9E60,7.2,03/12/18 9:00,5
DAB0B97C-5EF4-7667-0D72-99631B483633,4.7,03/12/18 10:00,5
2584A5AE-6CCD-A20D-33F8-9EDE90773833,6.1,03/12/18 11:00,5
0D82BA14-5853-4E0B-16C0-005D916A0AF9,4.7,03/12/18 12:00,5
4D6FD0C1-1CEE-47F5-7908-F153FD424043,6.1,03/12/18 13:00,5
5A82B54A-1A83-83C8-114F-F27A6D9643AA,4.1,03/12/18 14:00,5
13D024C7-75C7-8F50-4996-697CAFA830C8,3.3,03/12/18 15:00,5
43351C4E-7AB4-0733-101B-315745DB04A0,2.7,03/12/18 16:00,5
E20E77E4-2AEF-666B-3EDA-8A7BEC218694,4.0,03/12/18 17:00,5
59778A63-4664-3680-8CE7-B3ECCA8AA735,3.6,03/12/18 18:00,5
28BD06A9-5D69-5132-4F47-18AB424F6C37,5.7,03/12/18 19:00,5
709898C9-5FC3-0E3A-59D3-79E59E6885EF,6.2,03/12/18 20:00,5
00104205-1EC5-0118-4278-263ADEFA458B,6.1,03/12/18 21:00,5
20883C81-5971-0F26-615F-F07E8E7E4129,4.8,03/12/18 22:00,5
CCDDC66F-21FE-9345-7A29-5A4EEFB706CD,5.9,03/12/18 23:00,5
E1AD390F-0929-7F6F-2BC7-EFFD046A5ED4,4.0,04/12/18 0:00,5
6D8A0B8D-92FF-80EE-25D1-2FCECD3F2E30,4.5,04/12/18 1:00,5
995FC5CF-17EC-3AA6-54C3-DF8751FF4ED1,4.6,04/12/18 2:00,5
68141CD5-A47B-524E-5B54-DEE331B733B2,5.1,04/12/18 3:00,5
F7C6B648-16A6-0F87-790A-9AA9C7A2274E,3.6,04/12/18 4:00,5
05B039DE-0684-1757-793A-CABD5ABB1D71,4.2,04/12/18 5:00,5
6D305391-142D-696C-6DCC-F9712F8C8F67,6.2,04/12/18 6:00,5
00DF90D1-7C47-900B-2683-CE7056978FDD,4.9,04/12/18 7:00,5
6FF57913-8C02-7EA8-6FA1-DBE7A94886A5,4.2,04/12/18 8:00,5
27BF26E3-79E7-55A8-4F5F-BB215B59944D,5.8,04/12/18 9:00,5
8C84B3AC-9C3C-3D0C-0A30-B35D395BA39D,5.6,04/12/18 10:00,5
3BE1D9B9-6C24-0D4A-1ED2-23BC7A14422E,3.5,04/12/18 11:00,5
4A0B6393-6B7E-10E3-58A0-36F3A6FC9F8A,4.6,04/12/18 12:00,5
3DA6B925-31FA-77BC-2E30-AD6B09DA8934,5.1,04/12/18 13:00,5
56149E12-1106-635A-41FE-CEB5334E3126,4.9,04/12/18 14:00,5
4B11FBFA-0F38-1243-5A42-3B5567C42B85,5.3,04/12/18 15:00,5
427D7050-11F2-6E27-17A8-0BB7D8682A3B,5.4,04/12/18 16:00,5
42A46DBC-89DB-7B68-1605-87EBCE2B5FD5,6.3,04/12/18 17:00,5
11093FB3-032C-75C5-74DF-7B51D0248FDB,5.2,04/12/18 18:00,5
6C7F52B9-1704-9826-8F3B-008B8DF56980,6.2,04/12/18 19:00,5
C0A84406-4870-3489-36F3-CA7AD9BB75FE,5.6,04/12/18 20:00,5
62F6456A-3A93-781F-88A8-638E881B16FA,4.4,04/12/18 21:00,5
FA8D0A20-A680-69CE-2CED-CA568AD4156D,5.5,04/12/18 22:00,5
A20C5EB3-7978-4067-0B14-14E2A82668FE,5.0,04/12/18 23:00,5
EBFAA20C-087C-2DE3-5C0C-EC69E5C0382B,7.7,05/12/18 0:00,5
6F007654-A6B4-9AB5-5FAB-29316B750EE2,3.5,05/12/18 1:00,5
71A07FE9-50D3-03AF-2078-5C83E3E73BE4,6.2,05/12/18 2:00,5
80155B1A-59FD-3A1D-2F4D-C579E9343625,3.4,05/12/18 3:00,5
39D89DD1-1CC2-02BD-4A38-7C831329A384,4.1,01/12/18 0:00,6
191B9E99-1469-742E-6D5E-957D174D7E7E,7.0,01/12/18 1:00,6
3F3406F8-467B-74A6-0234-795BE3B357CF,3.7,01/12/18 2:00,6
F6ACBD45-0409-A6E6-8AE1-F785C1DD2019,6.0,01/12/18 3:00,6
1A511F44-2EB3-2429-4960-7CC5CB4E3D56,6.0,01/12/18 4:00,6
56DEEA9C-0892-29CD-1B3E-3A3D4722521E,4.3,01/12/18 5:00,6
23A96762-6182-2E7C-74D6-658D6E711232,5.0,01/12/18 6:00,6
3E0676D7-3146-5CDC-6324-F34370AC5A99,4.7,01/12/18 7:00,6
1DA0150C-749C-7329-40A8-BCFBDB95600A,4.5,01/12/18 8:00,6
BF959D8F-6902-2009-72C3-D7B7067343BC,5.0,01/12/18 9:00,6
E85043FB-259E-30A0-1718-65347B8C8628,4.3,01/12/18 10:00,6
B6DD3D08-7F69-476D-407A-BD20F80252F5,5.4,01/12/18 11:00,6
4AE68C5C-77BA-A3C8-7F72-2F95B09E033B,5.3,01/12/18 12:00,6
49B3E530-89FB-1986-71F9-C95136D3A17D,4.2,01/12/18 13:00,6
4A26CBED-0420-4CBF-3AA0-FA666E6940B8,7.3,01/12/18 14:00,6
FB8AAEBA-11E2-2CBE-7347-AEE368B42DFA,5.8,01/12/18 15:00,6
CFE2A9DE-1449-27D9-4C62-F489ADC55285,4.3,01/12/18 16:00,6
D1F8F767-9085-0D4B-078E-02CC173A15AE,5.9,01/12/18 17:00,6
5DA8630E-587F-7EF3-14C5-35101EEE7587,5.3,01/12/18 18:00,6
B62BE2F6-0990-548F-5B05-6777FB7B8BAC,4.6,01/12/18 19:00,6
071BC192-3865-0295-6521-F0785D7D7F5E,4.2,01/12/18 20:00,6
0E4132E3-705C-7175-5A55-266D9E6F72B6,6.1,01/12/18 21:00,6
8F1037EB-5FA1-824C-816D-5D3C73217156,4.7,01/12/18 22:00,6
BA5CCFA3-2BF1-7324-3267-28983E605732,4.8,01/12/18 23:00,6
E857C1A5-11EB-634C-5F28-817417266B1E,4.9,02/12/18 0:00,6
640A9A7D-78A4-A344-6AF7-CFE2E5046B8C,4.7,02/12/18 1:00,6
F96488CB-8824-752B-434A-4F57A16D1914,4.0,02/12/18 2:00,6
8106983E-3BE4-6DC2-5E25-78F4A12D8DF2,5.0,02/12/18 3:00,6
CF1DA594-2189-1632-0396-E929459F24AD,4.3,02/12/18 4:00,6
E1E132F2-4BDD-48EC-9475-77F627089D60,3.4,02/12/18 5:00,6
CFE2BEB4-387F-3EB5-2F9E-69892B9C7B36,5.6,02/12/18 6:00,6
38E60205-280D-0B6D-05FF-5B35B4E49C05,4.3,02/12/18 7:00,6
B6D1CBBC-71F0-19EC-31EB-3A3C101022A7,4.4,02/12/18 8:00,6
3B3DBF63-257B-42F2-7604-3A40BDC11C75,4.1,02/12/18 9:00,6
BD09D43D-4520-2183-4717-50A7A6BE4D0A,6.5,02/12/18 10:00,6
A13923D9-9B61-2F8A-9226-E55AC7B3984F,3.9,02/12/18 11:00,6
B8A29331-9DD0-9E17-7BF6-142F15B8254C,3.8,02/12/18 12:00,6
796C9DDB-16E8-6176-2118-8D3C63263BAC,6.7,02/12/18 13:00,6
6086DF18-88A8-92DC-71AE-6D1ED731A755,4.2,02/12/18 14:00,6
6F431385-07BA-76DA-5A9C-D529B9B3450E,6.1,02/12/18 15:00,6
E386725E-A010-597F-2E8D-F46721987FDC,3.6,02/12/18 16:00,6
FAE9D1D3-3185-1C9A-2B73-8422A06F4F88,3.3,02/12/18 17:00,6
6199408E-9259-6441-96E4-88FB16A83F4A,4.6,02/12/18 18:00,6
B5F2D323-41D5-16E2-0319-F5AE07AF0DE4,5.8,02/12/18 19:00,6
9A0C4106-4398-2E1B-356E-F2DF076C23E3,5.3,02/12/18 20:00,6
338549E8-5BE0-1031-2F8C-1D6F9C787C5F,4.0,02/12/18 21:00,6
A93EF3C9-89FE-8AB4-110F-A50B0E444542,6.8,02/12/18 22:00,6
293F6A7F-6749-7334-1F80-B085086B06AE,4.5,02/12/18 23:00,6
C595E462-1E4D-7A8B-7299-FE8CFBFF6E47,5.2,03/12/18 0:00,6
1624F31A-26A5-19F7-1062-33AB453960E9,5.6,03/12/18 1:00,6
561D97A1-1F07-3C0C-77C1-E24F2CCB896A,5.0,03/12/18 2:00,6
4D1187AE-23AE-9546-59A1-0D00EAF17FAB,5.2,03/12/18 3:00,6
0D050326-41FF-9952-2E96-82BE0F0C8049,4.3,03/12/18 4:00,6
A41D5CDB-752A-8FDE-A114-23CA64B99FD8,4.2,03/12/18 5:00,6
0DB21578-336C-77B7-3E31-701778655BA4,5.8,03/12/18 6:00,6
2110C76E-0C77-0DD8-89D7-41D741A73F5E,6.0,03/12/18 7:00,6
82017183-8FE4-79B1-A523-E4667DE5A385,5.3,03/12/18 8:00,6
3646DDD0-8D4B-99AB-A419-F7128A1A8890,5.5,03/12/18 9:00,6
703867E5-4B36-5C54-9B75-946BD4247759,4.6,03/12/18 10:00,6
F2A01422-4965-6D6E-0895-A4237B014495,5.6,03/12/18 11:00,6
5C09492E-A01A-7597-0D72-BA4CE42B3354,5.4,03/12/18 12:00,6
9EDB4C77-244E-6F58-4A02-EC65F18B5DC0,5.4,03/12/18 13:00,6
7EE44CDE-2BE8-A751-8478-F959B9B80F97,5.5,03/12/18 14:00,6
A1BA743A-74EE-61A3-03D6-02F3F3FD2C6E,3.8,03/12/18 15:00,6
1924DAAA-6A99-2778-1B41-171F4A6B5324,6.0,03/12/18 16:00,6
4EBC9C26-1DEF-766B-90A5-616A44EB3E14,4.5,03/12/18 17:00,6
1429C147-8B99-5804-9B14-AA213E16382B,5.9,03/12/18 18:00,6
F0FD0F42-91BC-8F5A-9915-1C0FA7AD14DA,7.2,03/12/18 19:00,6
6CEAE0D7-A2A1-1BFA-613E-897AD6EC5E7E,5.1,03/12/18 20:00,6
D5937648-8024-8E2B-515C-4275D433A128,4.8,03/12/18 21:00,6
12DD95D1-1B13-64D6-39F1-6FDC7A282AA6,6.0,03/12/18 22:00,6
9F6EAA41-6E20-8434-956F-80D326AA597B,3.3,03/12/18 23:00,6
37641E29-90E2-2217-7305-5B4E1463704C,4.6,04/12/18 0:00,6
CFB887FC-5987-3DF5-8042-2C16B481600C,4.6,04/12/18 1:00,6
AE5B44DE-2920-1C3C-5D98-7A1BA34E7517,4.0,04/12/18 2:00,6
C2DDB127-4C4E-864A-8358-6C91462D09C6,4.4,04/12/18 3:00,6
061FD3DF-9EDA-02D6-5F02-479692013172,6.2,04/12/18 4:00,6
B042CE91-01AC-A110-5DF8-BE5519F6690B,5.2,04/12/18 5:00,6
124C2BF1-297D-1E0B-7A14-5570A8B73222,4.9,04/12/18 6:00,6
78A63C69-9DDA-95E5-7148-718804FB6868,5.5,04/12/18 7:00,6
4A7C0B5B-2DB1-02C6-4F7A-607A021D4E6F,4.8,04/12/18 8:00,6
B662240D-8B7C-818C-8138-DC6A5B567FB1,5.2,04/12/18 9:00,6
E7922FCA-928A-4129-6A27-E5C249A09EE5,4.7,04/12/18 10:00,6
7911D0F0-9C5E-071C-3399-5803E640985D,4.2,04/12/18 11:00,6
D458332B-5959-3B6E-427B-23F532165A9F,4.5,04/12/18 12:00,6
6C2F9A0F-10CC-65DC-00B3-FE7162B61AC6,4.0,04/12/18 13:00,6
DC1060BA-467A-7078-498B-A987B0C18E9C,5.4,04/12/18 14:00,6
BAA80003-7F34-A02C-4CFB-F069D7619F4A,5.9,04/12/18 15:00,6
D7D06CDE-535F-4EE9-4D87-52DCA64624AD,5.6,04/12/18 16:00,6
34521453-27F6-348F-6E49-2B9BCE6310E7,5.6,04/12/18 17:00,6
CD318BD8-410C-2229-915D-1B1355429A3F,4.8,04/12/18 18:00,6
5BF370D5-66DF-4E8A-35A5-60DB9F4C8C12,6.1,04/12/18 19:00,6
B1CC875D-4CF0-00FD-0982-85AE27B3677B,3.6,04/12/18 20:00,6
E9F300FD-62E4-4F2F-87B3-4817962E20B7,5.5,04/12/18 21:00,6
C8C77749-848A-5BCF-0D86-7A98E3E40B72,6.6,04/12/18 22:00,6
CE720025-391A-0043-7BE9-E0EE78476811,4.4,04/12/18 23:00,6
AA1ACC8B-A286-8FE6-4013-5DC53C3936F0,4.3,05/12/18 0:00,6
E3311F68-0EFB-8AF8-10AE-85FA74B83E34,3.6,05/12/18 1:00,6
37930A54-259A-0666-A63F-ED2D63FA48E6,5.5,05/12/18 2:00,6
6C4EB4C7-2022-31F4-22B4-24CE59562820,3.2,05/12/18 3:00,6
5CA8480C-7EAB-1471-0A59-5B5C973F8A56,5.6,01/12/18 0:00,7
DB063B7D-008C-37EE-8665-0E1DD605753A,5.3,01/12/18 1:00,7
B923D3F6-3257-6D23-54E6-C2698FEC965C,6.6,01/12/18 2:00,7
CAB91006-095B-2EFD-A179-DE5CFA4316C3,3.5,01/12/18 3:00,7
9CC6D83C-5B0D-9586-A6DE-E34A9A26843B,6.6,01/12/18 4:00,7
82C677C1-1226-95BB-4EC6-C61FAC64A143,6.0,01/12/18 5:00,7
5F913CBF-7EB1-2913-4ED6-19678FDEA188,5.4,01/12/18 6:00,7
C98D4A4C-8196-643F-36C8-6C7F97963386,3.7,01/12/18 7:00,7
47D22715-359D-7614-22D5-BD093EA06B1F,5.5,01/12/18 8:00,7
3C25556D-8D2F-59CB-828D-7FFCD0A27D59,4.1,01/12/18 9:00,7
27F4FA19-8CB8-4E18-06C0-5742951C51DE,6.6,01/12/18 10:00,7
4DDBD71F-5C85-1FCD-3F32-6590BABF476A,5.4,01/12/18 11:00,7
F1AA7BDD-926E-6222-A2E2-8E456FF151A6,4.9,01/12/18 12:00,7
820DB704-3693-177D-2D3E-4863E3DF2588,5.9,01/12/18 13:00,7
60D42A5A-9CDF-337F-95A1-B9BAE642A52E,3.6,01/12/18 14:00,7
90A76D36-4C05-4A62-7EB6-0E07099D3BE3,4.0,01/12/18 15:00,7
7EC0D6AC-424B-4666-693F-BA6CFE6E8A6C,5.6,01/12/18 16:00,7
8CD5567A-2306-9E5B-51E4-9A4B259A460B,4.6,01/12/18 17:00,7
B79A1CCC-5C21-3040-5F6C-E7D93D103E81,4.1,01/12/18 18:00,7
4AA06DB5-67F1-1356-33D7-EB0F0018880D,5.9,01/12/18 19:00,7
8D62D525-0D0A-23E1-6E04-0D6F6CD7700C,3.6,01/12/18 20:00,7
286EA480-8DEE-1F8B-4BDF-B92676854D6C,4.9,01/12/18 21:00,7
2897B154-7995-3787-0F4C-E0D5C04C8AB6,5.5,01/12/18 22:00,7
6239EC50-97D2-2B1F-6417-1410A9E70953,3.9,01/12/18 23:00,7
C73A9A12-1F81-A66A-6498-4F3D94A01457,4.8,02/12/18 0:00,7
42DA0D92-9782-77D4-776C-D58E382B8B57,5.3,02/12/18 1:00,7
10767666-8599-5FDC-5161-CC1AC4AF457C,6.3,02/12/18 2:00,7
E8ADFBF7-59DF-6BA7-42DE-BCB23CCD23AA,5.1,02/12/18 3:00,7
F40E822B-3482-18CC-6890-B4EBBA643432,5.6,02/12/18 4:00,7
A8136F70-2D79-402E-6DB2-A5478A238F7A,3.6,02/12/18 5:00,7
4866F91E-5D63-6938-956A-D1325A395E24,2.4,02/12/18 6:00,7
58E7FA0C-A2B4-4FA7-8EAA-25BC2D8F2EF7,6.5,02/12/18 7:00,7
D8DE2F47-4A9D-145B-138A-DFDCB5443C37,4.2,02/12/18 8:00,7
E2C5D4C0-4FA7-0152-14CE-68DAC854573B,3.8,02/12/18 9:00,7
5E14042E-43E0-7C38-941C-FD57562B2A41,6.3,02/12/18 10:00,7
FAD51EFC-689F-6D44-31CB-C7A8CB457932,5.9,02/12/18 11:00,7
C0A09D3B-3C22-3C5F-A41B-0111190B68FF,6.3,02/12/18 12:00,7
65B83B74-48A4-8414-5521-F9ABED971C7E,6.5,02/12/18 13:00,7
E07A954C-357A-671D-9776-04635ADC5FD7,5.3,02/12/18 14:00,7
EB66F15A-6C70-992C-76BD-DD1863BB6FC3,3.6,02/12/18 15:00,7
A2CCDD37-A0AB-1933-4026-5813C75C318F,4.4,02/12/18 16:00,7
C642F218-1E52-815F-8001-101B5CA8784E,5.5,02/12/18 17:00,7
34B9B7EA-3BD4-196E-18DA-D53E0082306B,3.3,02/12/18 18:00,7
74C93F22-4DDC-3859-3859-012C10CD96FC,4.8,02/12/18 19:00,7
ABD2DB9E-7E3D-A3B1-7816-C4187C083171,6.4,02/12/18 20:00,7
BFB6E51D-4BB2-496F-624A-3C30E2EC08EA,6.5,02/12/18 21:00,7
25695D52-49D3-8920-8747-4DEFD0182512,4.1,02/12/18 22:00,7
EACC04B2-1340-8F2D-4436-7B3F958A565E,5.4,02/12/18 23:00,7
50829D9F-49CE-761A-0BA0-B57E57BF4551,5.6,03/12/18 0:00,7
148ADB53-5EAC-1148-8CB3-0F9C4C9266FC,4.1,03/12/18 1:00,7
7EB1A574-A0CE-8FAE-9CB2-AC8B0919463D,4.7,03/12/18 2:00,7
231F53FB-4AE2-1AA2-8DB0-7DDB3C3274B4,5.1,03/12/18 3:00,7
972C2DB5-1BF5-34E1-3174-4AEAEBCE3D97,4.8,03/12/18 4:00,7
6E0DA44B-A573-63F6-55C4-B5CD785672B0,4.7,03/12/18 5:00,7
705B0D1D-4468-8196-8DD5-C09D310560B5,4.9,03/12/18 6:00,7
9A5C0372-00E4-0995-7C94-62A785303847,4.4,03/12/18 7:00,7
8C025409-0733-26A4-9DDD-0008CE8E7E5E,4.9,03/12/18 8:00,7
0C2AF0C8-9466-2F45-7355-6ADFCF938F91,5.0,03/12/18 9:00,7
6633C288-5DDD-7DF6-7C46-05E29E796A33,4.0,03/12/18 10:00,7
B284EA37-7B6F-8CF2-A50E-42D2278E47F8,4.4,03/12/18 11:00,7
26EFFBEA-2C9A-1525-62AB-EA0845081368,4.7,03/12/18 12:00,7
2D1C1038-5BB9-35C1-0726-3E452FF786B0,5.1,03/12/18 13:00,7
2BC1BA16-62DB-2455-14C3-5E1F825A0DE8,5.2,03/12/18 14:00,7
5374F1A1-3828-6D4C-3A6A-DF2A3AF131DD,5.1,03/12/18 15:00,7
99BBE907-28EC-0E06-8D08-BA22344E2BC6,5.2,03/12/18 16:00,7
DEA5C883-07C4-47FE-0C63-36BD32116020,4.1,03/12/18 17:00,7
C1A06544-9915-6BC6-4CC4-1EBEA5CB72BA,4.6,03/12/18 18:00,7
80D08C80-8697-2B09-5004-C3E23827A204,4.4,03/12/18 19:00,7
6728B8A7-3FD6-40D2-22F9-34270F7F5250,5.6,03/12/18 20:00,7
19BA412A-2ECD-A4EA-7EBC-7481F626876C,5.1,03/12/18 21:00,7
708AC811-787A-236D-41A2-B06E5C9E90FD,4.9,03/12/18 22:00,7
8BDDB408-8AA1-8674-3C88-A28CE6574ED8,3.7,03/12/18 23:00,7
9D5ACCE8-9B9C-8F31-76C2-98E4F6086FDB,4.6,04/12/18 0:00,7
06481309-12C4-58A9-98EE-D508AF8A84AD,3.6,04/12/18 1:00,7
F327CA4F-8953-678F-7C9C-6F36D30165FA,5.7,04/12/18 2:00,7
0ECD14BA-593F-4BF8-A59F-80B070A085A2,5.4,04/12/18 3:00,7
CBE87C80-42C0-3EDE-566D-D682B28E8324,3.5,04/12/18 4:00,7
CC672E7C-60B8-07AD-4D1E-2E71F0056B89,4.5,04/12/18 5:00,7
195E70D7-4578-9664-963B-76776B458064,5.0,04/12/18 6:00,7
2048E89B-3391-855F-436D-65BF781C84D8,5.9,04/12/18 7:00,7
1B090E71-031D-2492-859E-A6B8359E3AD6,5.0,04/12/18 8:00,7
196D18B7-268F-83C3-1E8A-FD7821AB7EE2,6.5,04/12/18 9:00,7
DE5C87F5-6689-54A4-6250-A73FE511909B,3.0,04/12/18 10:00,7
288B4725-9B97-A5E7-65C2-DA9BAC2F8641,4.0,04/12/18 11:00,7
7C91DDB7-001D-6168-1172-EA63C78B5242,5.6,04/12/18 12:00,7
9E75E3F0-1B20-6559-35AD-4AF84A8C64B9,4.1,04/12/18 13:00,7
65176DF8-53A1-41F8-5D42-DF8FF5248709,4.9,04/12/18 14:00,7
90CB78B0-07C8-2ED7-18D7-CD00C8A03BEA,4.6,04/12/18 15:00,7
FA879ED2-10FB-1BFF-138F-1455414C17BA,5.0,04/12/18 16:00,7
8E35E852-4E56-0E13-1A1C-0568E0A89380,6.5,04/12/18 17:00,7
691FF527-8905-5E6A-A02D-D09C8C589DB6,3.9,04/12/18 18:00,7
18378200-13F5-415D-3F5F-D97FDC64A2A3,3.0,04/12/18 19:00,7
261FD481-7D0F-3551-2575-98DF3D89445B,4.8,04/12/18 20:00,7
844829D8-415D-0067-A1C6-733E27C2146D,5.4,04/12/18 21:00,7
874469A8-4B46-0FDB-8D45-60E12C4F223E,5.2,04/12/18 22:00,7
59A73A96-92E6-A417-149E-830108925AF5,4.9,04/12/18 23:00,7
CEE8EE72-525F-87FC-7639-9A13245B6373,4.4,05/12/18 0:00,7
FD842678-5ABA-448F-886B-08A63AD0336A,4.4,05/12/18 1:00,7
18EFF6B6-204C-072B-34FF-61D3C6960AB2,5.4,05/12/18 2:00,7
BD374776-3193-8271-9F87-CF6A6DC04092,3.7,05/12/18 3:00,7
81A42CFE-9D3B-036A-239D-B5D67B75347F,3.7,01/12/18 0:00,8
8BF56629-65B7-3BF3-0537-2AE230A23D93,5.9,01/12/18 1:00,8
80C9A52E-23FC-9984-7CBF-ACF49BFB517E,5.1,01/12/18 2:00,8
1F975E2F-6AE3-98DA-7BFA-2E56F46C44D0,5.0,01/12/18 3:00,8
4F7D45B1-7529-5528-623D-2DF32F5E7784,5.7,01/12/18 4:00,8
E18F74D0-6405-8A0B-92BD-D3BED7C77159,5.5,01/12/18 5:00,8
1B238C3E-0B81-06BC-2668-49CB775144F3,3.5,01/12/18 6:00,8
31B9D33C-2663-242F-3C77-A0B7D6E4125C,4.9,01/12/18 7:00,8
F51BD238-A140-1CAB-85C0-8491B4FB7B4E,5.3,01/12/18 8:00,8
8A82DD60-5B1C-5DE6-5F62-9F0019371E02,4.7,01/12/18 9:00,8
F46461EE-4CA2-8C06-5258-EC50FD323CFE,6.9,01/12/18 10:00,8
7A8EBE21-7E9B-904C-1164-A57C3B077875,4.1,01/12/18 11:00,8
F37C237E-9F48-6B7C-9B40-EDDDE71407E0,4.9,01/12/18 12:00,8
7F2A8E4E-A1A5-47D1-9C1D-9A40D2889C00,7.8,01/12/18 13:00,8
B7B57354-6393-A6A8-69CA-4713D1F43809,4.2,01/12/18 14:00,8
84442696-3EBC-1676-2CB9-E47EDE7B42F6,6.0,01/12/18 15:00,8
E57B6EC0-A641-2E5B-11E9-EFCC34EA3994,4.8,01/12/18 16:00,8
D27297CC-422C-91A2-1BB7-4E831CD65586,5.0,01/12/18 17:00,8
0CBA6EB5-007A-9593-8F25-1D7AAA6B14F5,3.6,01/12/18 18:00,8
0540AA20-19A1-38D1-118C-B5DE940F06D1,6.0,01/12/18 19:00,8
F98D7713-38D0-186B-0CD0-0B421647A17C,3.6,01/12/18 20:00,8
AC85C748-0397-1075-386E-B70EDD864DEA,4.1,01/12/18 21:00,8
19B8C613-A06E-5EED-937B-62BC7F8662DA,6.0,01/12/18 22:00,8
8B696135-9134-0801-7579-7D9E4C944875,6.7,01/12/18 23:00,8
48449226-119C-4C2B-04CA-F225917E3FAB,5.6,02/12/18 0:00,8
2678E244-4798-3762-A579-29CBA90C28F6,4.6,02/12/18 1:00,8
E7C4BFC6-2683-6BD3-06E7-039CE7340486,5.0,02/12/18 2:00,8
5621D9FB-5E9E-108C-48FD-D6AB32954442,3.5,02/12/18 3:00,8
F1CF346F-2F93-056C-1EAA-EE1C942164AD,4.2,02/12/18 4:00,8
A462868C-52B0-7D7F-25BA-8CFA222D1773,4.8,02/12/18 5:00,8
4257D9AB-5BCD-44BB-2C42-A5E98A7334A3,5.6,02/12/18 6:00,8
08880F88-6894-26C4-17AA-9D9391909C0E,3.2,02/12/18 7:00,8
8062F48D-3BA3-48A2-5487-4FC3D84F8B03,5.2,02/12/18 8:00,8
77C5B0DE-7971-0514-A5C3-6559D9A17DFD,5.4,02/12/18 9:00,8
18E73E73-1434-A27E-4E2A-DC76E83F12D0,4.3,02/12/18 10:00,8
D90737F5-5C51-7BF8-12B0-70F630440E30,4.4,02/12/18 11:00,8
B9D92092-2107-7CB7-4D15-64498BD1990D,5.3,02/12/18 12:00,8
2CCBBC1F-260A-7E37-6731-83CC2FA171F5,5.1,02/12/18 13:00,8
76999CE8-52A7-16C3-2A1B-5738CD674286,6.4,02/12/18 14:00,8
0CA88CFC-4CC7-960D-1D6F-C3A7A30884A1,6.0,02/12/18 15:00,8
0B94975C-4DD3-7B78-8DBE-C097DECC6365,5.0,02/12/18 16:00,8
1E96B712-3CAE-9A26-1B0B-DA040F822D87,5.1,02/12/18 17:00,8
B0E3EAF5-40AA-2ABA-2761-BB0748132444,4.4,02/12/18 18:00,8
9FEA6BB0-383D-0429-3824-59396DC56C07,3.5,02/12/18 19:00,8
EEAAC5E5-1F12-4617-A033-8BC0D5DE0EFD,4.2,02/12/18 20:00,8
FC558B41-8460-03B9-51BF-9F8A24EE1EA8,5.0,02/12/18 21:00,8
15D67361-3048-1C7A-6CDE-80D4758F64DD,4.8,02/12/18 22:00,8
CD2DA924-2A87-28E5-1673-5F71D7C8A67F,3.7,02/12/18 23:00,8
E5D15A66-4646-0123-A2C9-43B434EBA74F,4.6,03/12/18 0:00,8
694E5B65-6541-A200-20E3-05F5CD416EC9,4.9,03/12/18 1:00,8
398E5F33-70AE-2126-71BA-C75A949B89F8,4.2,03/12/18 2:00,8
291E8958-3148-25C2-214C-605852531905,5.4,03/12/18 3:00,8
2C13FB6B-2ADB-7762-4A90-A96DBD943D5E,4.9,03/12/18 4:00,8
AF69651B-69F8-22C1-6D54-546325E4389B,5.2,03/12/18 5:00,8
E98E5887-87E5-A6C2-297E-154B14D8530F,6.3,03/12/18 6:00,8
EAEFB321-9E8A-015E-9838-445B99A93F42,4.4,03/12/18 7:00,8
AC4D28E5-08D7-274C-388C-BD37C57A1BE3,5.0,03/12/18 8:00,8
775E26FF-050C-651D-7A51-5C6E3E6941EB,5.2,03/12/18 9:00,8
224B9939-6522-6502-816F-09D2CCC64D57,6.7,03/12/18 10:00,8
14249C5B-0854-2D8E-9862-04A8B6786BE1,6.2,03/12/18 11:00,8
06F02503-34F3-301A-6ADD-03BEBC548C7A,5.1,03/12/18 12:00,8
72BBCC47-5199-11BB-A506-95C5ABB01A8F,4.4,03/12/18 13:00,8
DB141413-5BC5-27C2-01C7-FC7B24064C9F,5.4,03/12/18 14:00,8
726AF232-8511-39F4-4AA4-ADA4B42AA430,5.8,03/12/18 15:00,8
D05E3B0F-316C-3DBF-9DD8-6188CC8B8056,3.5,03/12/18 16:00,8
4908F50B-0C77-0C7D-411A-6207BAB386F3,5.6,03/12/18 17:00,8
88EFEE02-21D6-1C4A-9931-EDFFEC4743A0,5.5,03/12/18 18:00,8
1782EB97-7874-6322-20DD-CCFFB7AB7615,3.6,03/12/18 19:00,8
8D4BF8DA-7F78-7ED1-A47B-771DB73E60EF,6.6,03/12/18 20:00,8
AA2ACFA2-2710-5562-313A-49B407B72F00,3.3,03/12/18 21:00,8
88FCB7CA-7C63-5B1A-8363-8720D5FD2A31,3.8,03/12/18 22:00,8
428F9A79-65E5-315F-33EF-1FD87ACA3D2D,4.4,03/12/18 23:00,8
258AC1B4-9946-2FD0-9633-94BCD538A684,6.4,04/12/18 0:00,8
6FD0EF11-80E2-6610-1310-5DF9E80F057B,5.3,04/12/18 1:00,8
255CBC0F-6EFA-80D0-128B-B9366AE19B4D,5.2,04/12/18 2:00,8
90C3CBCD-0B15-58CA-27B0-1631F5D6A053,4.7,04/12/18 3:00,8
FEA72D8E-6C53-0E16-0329-90B8ACC76F4C,4.0,04/12/18 4:00,8
1691F4C0-A6FF-86C4-2897-A52844377FC7,6.2,04/12/18 5:00,8
5E834B1C-6A79-884B-1E93-FE3CB3775445,4.1,04/12/18 6:00,8
3BCDD5DE-3094-3A12-807B-757BC29A26D2,5.7,04/12/18 7:00,8
C35B7B7B-6B57-1197-6864-7D8C166E0168,6.2,04/12/18 8:00,8
82F238C6-242F-45C9-8D55-4F2FA6434BE1,6.2,04/12/18 9:00,8
74A73768-92CB-803C-8306-DD1CBE3228AB,5.5,04/12/18 10:00,8
E26D7A1E-4483-875D-0ECB-822C0EAC0A01,5.5,04/12/18 11:00,8
F13B6BEC-0230-80EC-4815-2EC9A8114FF7,6.7,04/12/18 12:00,8
61124AE3-9C7E-956F-4B08-462D6F8F3EAF,5.7,04/12/18 13:00,8
71C47861-09B9-5D1C-7286-0345993C5632,5.5,04/12/18 14:00,8
87A0588C-A211-7500-9A97-3E31B66F76EF,5.5,04/12/18 15:00,8
EF9A2510-96BD-4B5C-3E44-3DDAD7C702B2,4.9,04/12/18 16:00,8
8D20B9F2-0238-5471-1BFD-34C34D278A12,4.2,04/12/18 17:00,8
3E9B87F9-61E1-1D44-03AF-52F4ADC83BB2,6.2,04/12/18 18:00,8
00A8F045-1438-538F-A38E-983D8A7F54D1,4.2,04/12/18 19:00,8
E4DF3AE7-8DB1-95EC-007F-2AAD9609122D,2.2,04/12/18 20:00,8
E6640519-57A1-3BDA-8832-492F5DFE2FD8,3.8,04/12/18 21:00,8
099B5804-A294-3C3A-8B26-982D0E5023A3,3.9,04/12/18 22:00,8
AC9E2FD1-5D3B-31E4-975E-8253C6D909CB,5.5,04/12/18 23:00,8
1B6E59C5-714A-846B-1D2B-4245F2EE4F76,5.7,05/12/18 0:00,8
F4D8E68A-A418-A016-3968-91683C584544,6.5,05/12/18 1:00,8
FA046994-25E3-920F-3F13-72BF71C721AA,6.0,05/12/18 2:00,8
2218C270-4CB4-08EF-29E8-6E3D8E0055DF,5.2,05/12/18 3:00,8
9EDAEAB0-40D1-068B-118A-20A696748B07,4.3,01/12/18 0:00,9
7D8C86FA-269E-63E8-1DD0-E9C47E392530,6.8,01/12/18 1:00,9
BCB6A253-40BD-01D7-14B0-FB195A06041A,3.5,01/12/18 2:00,9
902419F4-5EC7-1B05-3CFB-A0C6B2D1A33A,5.8,01/12/18 3:00,9
4009EAC3-88D6-8DBD-80F0-1A6A26073115,3.2,01/12/18 4:00,9
158CFF18-1730-4A76-40C3-DCD9B8939684,4.1,01/12/18 5:00,9
1E488309-95D9-17E8-1475-04A11BB326CE,4.0,01/12/18 6:00,9
70E2A834-14A8-51AA-7475-3E688987386F,4.9,01/12/18 7:00,9
2F4511C7-211E-9963-4551-6F1E0AF83E63,4.8,01/12/18 8:00,9
A27FFAA2-2B55-4D85-09EF-7B20385E6A45,6.6,01/12/18 9:00,9
5EB61856-440F-812A-887F-22C382312464,5.7,01/12/18 10:00,9
3900AD38-74B2-551A-647B-2D5EA16E42F1,4.7,01/12/18 11:00,9
8AFA43D6-5757-7EA7-177B-15AF831C3E13,5.6,01/12/18 12:00,9
7CC216CE-7AB7-762A-A5B6-1097331794D4,4.1,01/12/18 13:00,9
2F64606C-043B-4FED-95C3-5C563F8C41A2,4.2,01/12/18 14:00,9
A5F2D8DE-4A8E-97C8-4646-330EEA966E7E,3.7,01/12/18 15:00,9
381BCDE7-4332-A236-8B44-C018C3418F13,5.3,01/12/18 16:00,9
E93A6717-8D52-2ECA-1372-CDB1EC7D0C5D,6.4,01/12/18 17:00,9
33D8E68D-5B78-422C-66D1-7B49E8F79C86,7.0,01/12/18 18:00,9
4A646FB3-3BEF-51EC-7899-2D5715054D2B,6.4,01/12/18 19:00,9
E9D1B9B6-0868-265A-48C8-143386F741D3,6.1,01/12/18 20:00,9
D151123B-6F7E-6C85-5175-C0A36B0C5F91,3.1,01/12/18 21:00,9
DC64B54A-40FD-8B0A-94D8-59D6A85D4E97,5.2,01/12/18 22:00,9
053D6A15-34B4-9546-82BB-D231B5186625,5.4,01/12/18 23:00,9
314D0C9D-01F1-1A16-7DCF-615D55780439,5.4,02/12/18 0:00,9
CD3CEA4F-14CD-6326-36F2-73A22A0D48A2,5.8,02/12/18 1:00,9
1A6FE39C-4C88-055A-75DB-A8924AFE4EC1,3.5,02/12/18 2:00,9
4C85A7EE-221F-807F-A352-0266CA964EFE,5.3,02/12/18 3:00,9
0A957263-2321-1D70-8BBB-CAC2D69C728C,3.5,02/12/18 4:00,9
07AF0809-1341-8356-5492-B6067CC07F9C,6.0,02/12/18 5:00,9
334B1105-316B-18A5-7BDC-CAC74D4D73AC,4.3,02/12/18 6:00,9
AF61EA95-2DA7-4CE7-25D1-27AA3DDD63B9,3.2,02/12/18 7:00,9
5FE35D00-0C16-2491-6EBC-C93999672744,6.2,02/12/18 8:00,9
5501D052-1EB2-1AAD-7266-BE487F6E41F8,4.9,02/12/18 9:00,9
4D70C571-24C8-A304-74C8-F12DB53C0151,4.3,02/12/18 10:00,9
D60430D1-3AF2-9718-3851-254EEF6523B2,4.0,02/12/18 11:00,9
38292AC3-9EDC-258F-479E-35D6F0421859,5.8,02/12/18 12:00,9
099EDC78-A3AE-656D-A760-1800C0E67509,4.6,02/12/18 13:00,9
7DE50AD2-6DAF-3F36-991B-31CAE7960171,4.7,02/12/18 14:00,9
12A6897B-3F11-A13A-A2A7-ABD8C5781F7D,4.8,02/12/18 15:00,9
B8650A7D-12C6-00DF-74FF-067BD3E80A0A,4.0,02/12/18 16:00,9
7CFA37EB-3B19-32CE-8EB4-D4E696517088,5.6,02/12/18 17:00,9
1FBA8E03-3F5F-9E81-973E-5E5557D79F7C,5.1,02/12/18 18:00,9
24DBA3BD-74FA-0B78-13D5-634891FE0545,3.4,02/12/18 19:00,9
BDA97007-8E52-9C6D-42C1-B20CA7835605,4.1,02/12/18 20:00,9
CAAA2C30-6EDB-2F6B-12B2-AC6C50AC5AD1,5.0,02/12/18 21:00,9
38C6696A-1C9D-57FD-5FBE-AF7D28C7A599,4.4,02/12/18 22:00,9
4FF02CC4-A366-1792-6134-8B693DEB4290,4.6,02/12/18 23:00,9
BE311F85-9032-043C-5C30-1E91FCDA11A0,5.9,03/12/18 0:00,9
4EC7CFBB-558E-3B56-98EE-B2428B2D9A5A,4.9,03/12/18 1:00,9
76ACEB44-1993-46F1-0A55-767B78021093,6.4,03/12/18 2:00,9
52EBCA48-002E-6E2C-0391-0ED6E0101F4C,4.9,03/12/18 3:00,9
6D5EF1CB-15C1-46C4-34B1-F20771DAA18D,7.0,03/12/18 4:00,9
C06D946A-53A4-5668-41A0-BDF008EF7D74,4.9,03/12/18 5:00,9
F4742BEB-0196-65F0-692A-FAEA63FDA17F,4.9,03/12/18 6:00,9
2B709375-60C7-2942-00CE-A8871E5B87D4,6.8,03/12/18 7:00,9
17400EE1-6BE5-3026-0EB5-A27D2B5C546E,5.3,03/12/18 8:00,9
5C6AB7FC-850D-6F04-45FF-30B84416690F,5.3,03/12/18 9:00,9
1855F220-A78F-46B3-178C-14E92FF003EE,6.2,03/12/18 10:00,9
CB5D06FF-2AD9-2C84-3478-25C9517B37BA,4.8,03/12/18 11:00,9
324CBFDA-099E-7DE9-3BD6-89B43C673AAB,5.9,03/12/18 12:00,9
E54B79BD-1394-71BF-A74B-E5BF8D093F40,5.2,03/12/18 13:00,9
B0D525D3-88A3-5A81-73FD-C5658BB798A3,5.7,03/12/18 14:00,9
1B329E14-5A64-0ABC-26C0-572F8AFC4EB3,4.7,03/12/18 15:00,9
54A53F2C-6B79-0515-4225-747310CB2CCA,7.0,03/12/18 16:00,9
3E06DB1E-7965-74FF-94E9-CE05731944DE,4.7,03/12/18 17:00,9
ABD889C7-7318-7AB5-5B9A-4EC7401B0BB6,5.2,03/12/18 18:00,9
3BBECB0E-7181-52E4-256E-05DDF267889B,5.5,03/12/18 19:00,9
F664DB73-66F1-0EBF-24D9-5F355D9886C5,5.5,03/12/18 20:00,9
AC3EA0FF-6DE3-5304-A7A1-281A2206A351,5.5,03/12/18 21:00,9
CEC606F6-738D-5DF3-6F09-03F12C5F4175,3.8,03/12/18 22:00,9
DEE2F5D4-026A-6920-25DF-C4FBA6BB88AD,6.5,03/12/18 23:00,9
DB1D595D-4691-0694-5B91-3B0C46D797DD,3.3,04/12/18 0:00,9
4AE75CDC-39D0-10ED-65A1-E047DD4E21A5,2.8,04/12/18 1:00,9
784A12F6-68D5-5F98-5705-8F0BC716865C,3.9,04/12/18 2:00,9
518E9D9B-956D-1727-92AE-904F3E3B77D4,4.9,04/12/18 3:00,9
08E7640A-42B0-4D4B-1E87-E80FD84482C0,4.8,04/12/18 4:00,9
1F078C58-929E-8EE6-9D9B-771D13EF9792,4.3,04/12/18 5:00,9
14A8D404-9D4B-1B7D-352D-2ADF6ACD921B,5.2,04/12/18 6:00,9
7E84D99F-3082-35AA-1F75-8AB85523A712,5.9,04/12/18 7:00,9
A484D5A2-29F0-373F-0094-87EFFA4D89C0,4.8,04/12/18 8:00,9
9672C26F-A39E-4510-6FD8-38F2FDF7829C,4.2,04/12/18 9:00,9
21D31658-45A2-0AC6-19AB-7ECB74DF4F6B,3.8,04/12/18 10:00,9
9CAE0A98-53F7-84AC-68AC-F91367E79768,4.2,04/12/18 11:00,9
2CB37ECA-4CAC-85DE-211E-A36D611E6615,4.0,04/12/18 12:00,9
E0391637-071C-3708-086A-79D0A77303AA,6.6,04/12/18 13:00,9
B8744397-2484-2267-8D27-F5C10EF43B76,4.4,04/12/18 14:00,9
69145A4C-5F3E-8151-203B-D7A8421869B8,4.2,04/12/18 15:00,9
5353C9BC-2550-472D-9F15-286BAB940C8F,5.3,04/12/18 16:00,9
4697C606-4724-28D6-2C06-EAC27947896E,2.6,04/12/18 17:00,9
53984148-22E2-0947-A6E4-74598EDF8A73,5.3,04/12/18 18:00,9
41AD554A-6E0D-7AD9-6E75-1B1714B3923C,4.8,04/12/18 19:00,9
0B460A81-1CD3-A29B-22DB-4DEC6D3449D9,3.5,04/12/18 20:00,9
9DE40BDD-7E56-3CD2-249D-E05CEC563B5E,4.0,04/12/18 21:00,9
CCAD6514-1599-8EE6-4BCB-E838720B4644,4.4,04/12/18 22:00,9
B9C408AC-1BC4-5161-3D7D-3FE6EB1A28E1,3.9,04/12/18 23:00,9
C5E74325-982D-5E3D-657B-359F6586064A,4.2,05/12/18 0:00,9
10931AC5-4821-6E93-30E8-882403F7445C,4.8,05/12/18 1:00,9
41E5C70E-65DF-59B5-6BB6-EFD7D2F03E9F,6.1,05/12/18 2:00,9
703B6381-7D11-7070-1CAE-C11B84032C43,4.1,05/12/18 3:00,9
0099554F-3321-882D-8A72-517EC39A13BB,5.5,01/12/18 0:00,10
5C15FF6A-6040-9A23-4738-C1520AB80AA6,5.0,01/12/18 1:00,10
142DC2A8-0C2A-6C91-A65D-4681A4B010E4,5.1,01/12/18 2:00,10
321203C8-11D4-1F42-11D0-B674F06B33D1,4.6,01/12/18 3:00,10
6E195EDD-4CC7-6701-9B4F-3A9F09E80304,5.1,01/12/18 4:00,10
2AAE104A-A0FA-4E29-88A6-D8A1E281510E,4.6,01/12/18 5:00,10
BCF8A18F-4DC6-9E83-522B-2BDCA6294766,7.0,01/12/18 6:00,10
56DF5AE1-7EE0-443D-6D35-53199C1657C6,5.9,01/12/18 7:00,10
1754A3C4-68B5-8E30-279F-CCD9BC7A9081,5.3,01/12/18 8:00,10
A49EB1DD-6D81-970A-62D0-20F2B55F845A,5.7,01/12/18 9:00,10
637DD126-2C24-431B-54C6-6FFA57C14137,3.2,01/12/18 10:00,10
51F66AEF-1695-4412-9396-1EB691847EE4,3.4,01/12/18 11:00,10
642AA1DD-40B1-7D49-82FC-87B00DD94588,4.8,01/12/18 12:00,10
6A5CC049-81D7-6CC6-8DFE-28938B883650,4.4,01/12/18 13:00,10
A239D6B4-9363-2A86-1000-3D4E30F93D94,5.4,01/12/18 14:00,10
7E5BDD5A-46B9-4EC6-7DF1-25FE7E9E4B3A,5.2,01/12/18 15:00,10
B5A6F2B1-6167-37C4-867E-EC7AF986378E,4.9,01/12/18 16:00,10
CCA18749-618A-9452-1A27-306B0869042F,4.4,01/12/18 17:00,10
57E7A010-616B-04CA-0978-13DC302443AC,4.0,01/12/18 18:00,10
6C1CD136-7BF6-53BB-54CE-6FA272C6782C,6.6,01/12/18 19:00,10
BB6201E6-A0D9-268B-3043-970282853450,6.5,01/12/18 20:00,10
8D8B8021-8574-0AFF-2CBB-ECB24EC550E0,6.4,01/12/18 21:00,10
95E574BE-66B6-68D1-69FC-A5BCEF259B9A,5.6,01/12/18 22:00,10
EBDA2580-7B6E-8AC3-0F25-E09907371C56,6.0,01/12/18 23:00,10
BDD630A4-86B6-7EF4-24E6-7122CAD52B1A,5.6,02/12/18 0:00,10
BB2D66AC-44F3-9B7C-4411-2B40DFBB590A,6.4,02/12/18 1:00,10
E2AB4040-272A-20DF-7F74-757787372096,5.3,02/12/18 2:00,10
3C8A7BD3-40FB-77CF-8C97-4A62AC522F7F,4.0,02/12/18 3:00,10
46B5DB25-7061-49CC-0579-9E5F720E5133,5.9,02/12/18 4:00,10
5F30C408-4AC3-161C-19F0-B468465EA74C,5.3,02/12/18 5:00,10
B8540E6A-9BB4-5FD9-901E-78C3BBD55173,5.8,02/12/18 6:00,10
1533B20D-25E7-4F24-08F3-36E602D5375F,5.0,02/12/18 7:00,10
F87D7786-13D2-9DF6-254A-BA5E82165E50,3.6,02/12/18 8:00,10
4BEDB0F8-6AD2-21EC-1ECB-BA8A98878D71,5.0,02/12/18 9:00,10
54564420-886F-8D95-8666-D1B79AD37581,5.3,02/12/18 10:00,10
0AA89823-82D5-02B9-7279-0F9CC8F494C0,4.8,02/12/18 11:00,10
795EA368-086C-6774-059C-42637BB11207,6.4,02/12/18 12:00,10
32A8CFF1-3E72-1E8D-1E01-656C3B013A70,2.9,02/12/18 13:00,10
CE8EEE6A-2972-4402-6E8E-E780BEFE8387,5.9,02/12/18 14:00,10
7570DDBD-270D-2B04-A2EB-67FE432799F7,4.4,02/12/18 15:00,10
E8789A48-1D74-5182-6170-B2A9406948CD,5.3,02/12/18 16:00,10
6C21931D-25DF-2BAE-5ED2-0296982921D1,5.4,02/12/18 17:00,10
328FAE8C-A546-A583-653C-7C5CC9D66343,5.4,02/12/18 18:00,10
83B394A4-4C81-256D-79E8-73D4105E9DF2,4.4,02/12/18 19:00,10
F133DE02-6129-3A31-28E5-5D6926FD3F2F,2.9,02/12/18 20:00,10
069F3EF9-7F56-1C10-8FA4-92C9E2153D0D,4.3,02/12/18 21:00,10
C3CC0DD1-A5F8-884A-5581-E4654C418333,4.2,02/12/18 22:00,10
0EC2ED4F-10B1-5141-7F01-1DC581DCA172,5.3,02/12/18 23:00,10
76DA81AD-9C3F-2D8F-2E3C-8B499AD012B2,4.4,03/12/18 0:00,10
C6F9780A-1E1B-0DE3-5AD3-803E3F1C6994,5.1,03/12/18 1:00,10
778CA82F-96C7-9154-4383-9462CEF434ED,5.6,03/12/18 2:00,10
FF9AEDDF-19B7-226B-82C5-30F7A44E9A5F,4.3,03/12/18 3:00,10
A714AC31-7FDC-8432-5B2A-EC2652EE0CCE,5.9,03/12/18 4:00,10
C11D87B0-4985-5C6B-39B1-FFE01A5841D6,5.9,03/12/18 5:00,10
3BBC79B7-2D99-9FA2-874D-A6ABD2E697B2,4.6,03/12/18 6:00,10
2C31523E-3194-7DD7-4630-A927FACB6E79,4.4,03/12/18 7:00,10
C970ED4F-762D-8695-7C46-F8A3F7A877BF,5.8,03/12/18 8:00,10
41965B1A-1092-4BBD-11FD-61BBE7CF38E9,5.4,03/12/18 9:00,10
5072993E-08E7-66B9-9E41-5E43F1F77D59,5.6,03/12/18 10:00,10
67318126-71AA-870D-6299-A283B98D4E17,4.4,03/12/18 11:00,10
9B245FDC-267D-355D-112C-B2045F1F00CF,5.2,03/12/18 12:00,10
390A8E0F-2E07-20AB-6557-68067FC46A43,6.2,03/12/18 13:00,10
5110FE4D-4001-29F6-7F5F-7414EDBC8DF7,6.2,03/12/18 14:00,10
A0750B8F-1AA8-3911-A2D5-CC4B2D19269D,6.0,03/12/18 15:00,10
434C7D78-9A78-A630-4951-7F95F6E74CB0,6.1,03/12/18 16:00,10
EBBE9E0A-4677-0068-7871-359310E430EE,7.0,03/12/18 17:00,10
52E98E41-5FF1-0361-3567-8EC045127667,4.6,03/12/18 18:00,10
18B4DC1C-A3BC-1477-1E69-0E142DFC023A,4.1,03/12/18 19:00,10
58CE4385-9FAD-7157-9169-C6C075EB9CC2,6.0,03/12/18 20:00,10
692E261A-484C-43F6-48A4-E6050F04735C,6.1,03/12/18 21:00,10
8DC9325A-628C-19FC-8902-032981C22A9A,6.5,03/12/18 22:00,10
3D6BD197-8B12-5AD9-5440-1FFA317C82AD,5.5,03/12/18 23:00,10
F9044D6F-9012-390C-0827-987E34370BE1,4.8,04/12/18 0:00,10
530A2CB5-6215-26BE-0D24-7CD471087419,6.4,04/12/18 1:00,10
E1C4E498-1D02-5E6E-08B8-74A432D270EC,2.4,04/12/18 2:00,10
C0E471F1-9D52-5F06-0068-2B2204013F76,4.6,04/12/18 3:00,10
B8F08DA5-4B11-4D79-7D6F-6DEFF06445B0,4.9,04/12/18 4:00,10
718B808C-4DF1-50D0-99FC-8E885D831B5F,4.4,04/12/18 5:00,10
13673731-3AAA-0BE1-04E1-9C852D30164F,4.0,04/12/18 6:00,10
835A31D3-757B-14F0-6B27-0D05F768A2D1,6.4,04/12/18 7:00,10
E21BEEC7-4AAA-1F12-9131-9367617B77B7,4.1,04/12/18 8:00,10
4C5677E4-6868-5B5B-7169-BAB1AE6D9005,6.5,04/12/18 9:00,10
8171B6D3-9B44-080A-676E-E0AB7D0A50E7,6.0,04/12/18 10:00,10
A4EB24A2-5702-95C7-0461-687C2BEF7888,6.6,04/12/18 11:00,10
3500D7A7-1F70-7E2D-5BEF-DEBC7DE31F9A,5.1,04/12/18 12:00,10
E531479B-7CA6-A707-1B03-A21590B121D0,5.4,04/12/18 13:00,10
BCA2B9C7-7AB5-3B57-72BF-208D8C0B9ED2,2.6,04/12/18 14:00,10
917EDBDF-9D9C-1896-24B6-9F22BEC5209E,4.8,04/12/18 15:00,10
A19A92EC-47E0-5F1C-3D40-A173E1307417,3.4,04/12/18 16:00,10
D59C8C9D-7081-0541-384A-7A0B7CF59ADC,5.2,04/12/18 17:00,10
C35D2E1A-2F62-73A3-45FA-9A23965765CF,4.0,04/12/18 18:00,10
BEBD7FEA-42BC-1FAB-28FB-D60A03422CC4,4.8,04/12/18 19:00,10
4631EA65-7E3B-2CD8-5D38-B6B5206B4B71,5.2,04/12/18 20:00,10
E920FB82-9860-913C-21FD-FDA8C7991342,6.5,04/12/18 21:00,10
8AD88EF5-52C3-64E8-38EE-A7EA584045EB,4.3,04/12/18 22:00,10
AC6F1CBC-285D-6488-195C-DB2319739E2E,5.4,04/12/18 23:00,10
AFC2D6A5-6BE4-5524-183C-B0BB19553183,6.0,05/12/18 0:00,10
17B7102E-8EB2-690C-32C2-3F97111698F2,4.1,05/12/18 1:00,10
64C103BE-A02D-9350-0BCF-77D215056395,6.0,05/12/18 2:00,10
E9892DE3-5EF2-5EC0-69C8-F45B64E62759,4.9,05/12/18 3:00,10